id,mahalle,fiyat,brut,net,kat,bina_kat,banyo_sayi,isitma,oda_sayisi,site_ici,tarih,bina_yasi,balkon,asansor,cephe_K,cephe_B,cephe_D,cephe_G,deniz_man,nizam,longitude,latitude
1350,Aydinlikevler,790000,200,150,8,15,2,2,3,0,2021/09/09,1,0,0,1,0,0,0,1,0,34.581,36.785
1351,Aydinlikevler,429000,150,130,10,10,1,0,2,0,2021/09/26,9,0,0,0,1,0,0,0,1,34.583,36.785
1352,Aydinlikevler,270000,150,145,0,4,1,0,1,1,2021/09/13,7,0,1,,,,,1,1,34.581,36.784
1353,Aydinlikevler,350000,190,180,4,4,1,0,2,1,2021/09/02,9,0,0,0,1,0,1,1,0,34.581,36.783
1354,Aydinlikevler,318000,170,150,1,4,1,0,2,0,2021/09/03,9,0,0,0,0,1,1,1,0,34.581,36.782
1355,Aydinlikevler,274000,120,110,0,3,1,0,1,1,2021/10/07,5,0,0,1,0,1,0,1,0,34.581,36.782
1356,Aydinlikevler,280000,65,55,1,3,1,1,0,1,2021/09/07,3,0,0,0,1,1,1,1,0,34.581,36.782
1357,Aydinlikevler,267500,90,80,0,3,1,1,1,1,2021/09/08,5,0,1,1,1,0,0,1,0,34.581,36.783
1358,Aydinlikevler,315000,165,135,3,3,1,0,2,1,2021/10/01,8,0,1,0,0,0,1,1,1,34.582,36.783
1359,Aydinlikevler,480000,180,170,3,3,1,0,2,1,2021/09/07,7,1,1,0,0,0,1,1,0,34.579,36.781
1360,Aydinlikevler,365000,185,185,1,4,1,0,2,0,2021/09/11,10,0,1,0,0,1,1,1,0,34.579,36.780
1361,Aydinlikevler,510000,150,130,3,4,2,0,2,1,2021/07/02,5,0,0,0,0,1,0,1,0,34.579,36.780
1362,Aydinlikevler,308500,150,120,4,4,1,1,2,1,2021/09/10,10,0,1,0,0,1,0,1,0,34.580,36.780
1363,Aydinlikevler,550000,185,160,4,4,2,1,2,1,2021/09/14,4,0,1,0,1,0,1,1,0,34.580,36.780
1364,Aydinlikevler,358000,145,130,2,4,1,0,1,1,2021/09/23,5,0,1,0,0,1,1,1,0,34.580,36.780
1365,Aydinlikevler,295000,130,120,0,4,1,0,1,1,2021/09/09,8,0,1,,,,,1,0,34.580,36.780
1367,Aydinlikevler,255000,110,85,4,4,1,0,1,1,2021/09/26,8,0,1,1,0,1,0,1,0,34.580,36.780
1368,Aydinlikevler,260000,100,85,0,4,1,0,1,1,2021/09/08,5,0,1,0,0,1,1,1,0,34.581,36.779
1369,Aydinlikevler,355000,90,75,3,4,1,0,1,1,2021/09/15,5,0,1,1,1,0,0,1,0,34.581,36.779
1370,Aydinlikevler,265000,135,120,4,4,1,0,1,1,2021/09/15,9,0,1,1,1,0,0,0,0,34.581,36.779
1371,Aydinlikevler,265000,165,150,5,5,1,0,2,1,2021/09/08,10,0,1,,,,,0,1,34.578,36.779
1372,Aydinlikevler,240000,130,110,4,4,1,0,2,1,2021/09/13,9,0,1,,,,,1,1,34.578,36.778
1373,Aydinlikevler,350000,200,180,2,5,1,0,2,1,2021/10/01,8,0,1,0,1,1,0,1,0,34.582,36.779
1374,Aydinlikevler,250000,130,110,2,4,1,0,1,1,2021/09/30,9,0,1,1,0,1,1,1,0,34.583,36.780
1375,Aydinlikevler,319000,180,160,1,4,1,0,2,0,2021/09/21,9,0,1,0,0,1,1,1,0,34.583,36.780
1376,Aydinlikevler,244000,160,135,4,4,1,0,2,1,2021/09/16,10,0,1,1,0,0,1,0,1,34.583,36.780
1377,Aydinlikevler,285000,160,150,4,4,1,0,2,0,2021/09/08,8,0,1,0,1,0,0,1,0,34.584,36.780
1378,Aydinlikevler,335000,110,100,4,4,1,1,1,1,2021/09/25,3,0,0,0,1,1,0,1,0,34.584,36.780
1379,Aydinlikevler,360000,145,120,2,4,2,0,1,0,2021/09/22,8,0,1,0,1,0,1,1,0,34.583,36.780
1380,Aydinlikevler,510000,190,165,3,4,1,1,2,0,2021/09/23,5,0,0,0,0,1,0,1,0,34.583,36.780
1381,Aydinlikevler,429000,160,120,3,4,1,0,2,1,2021/09/03,9,0,1,0,1,1,1,1,0,34.583,36.780
1382,Aydinlikevler,450000,180,150,2,4,1,0,2,1,2021/09/22,8,0,1,0,0,0,1,1,0,34.583,36.780
1383,Aydinlikevler,450000,180,160,3,3,1,0,2,1,2021/09/28,9,0,1,,,,,1,0,34.584,36.781
1384,Aydinlikevler,335000,130,129,3,3,1,0,1,0,2021/09/22,5,0,1,0,1,0,1,1,0,34.584,36.781
1385,Aydinlikevler,460000,180,170,3,4,1,2,2,1,2021/10/01,7,0,1,0,1,0,0,1,0,34.582,36.781
1386,Aydinlikevler,670000,190,140,2,9,1,1,2,1,2021/09/16,5,0,0,0,0,1,0,1,0,34.583,36.781
1387,Aydinlikevler,285000,110,95,0,3,1,0,1,1,2021/09/05,5,0,1,0,1,1,0,1,0,34.583,36.781
1388,Aydinlikevler,310000,190,150,4,4,1,0,2,0,2021/09/22,9,0,1,1,1,0,0,1,0,34.582,36.781
1389,Aydinlikevler,799000,160,130,6,14,2,1,2,1,2021/10/08,0,0,0,0,0,0,0,1,0,34.582,36.781
1390,Aydinlikevler,450000,120,110,1,3,1,0,1,0,2021/09/28,0,0,1,0,0,11,1,1,0,34.582,36.781
1391,Aydinlikevler,350000,165,130,2,7,1,1,2,0,2021/09/19,9,0,0,0,0,0,1,1,0,34.583,36.781
1392,Aydinlikevler,350000,110,100,1,4,1,1,,11,2021/09/15,3,0,0,0,1,1,0,1,0,34.582,36.781
1393,Aydinlikevler,400000,110,100,5,7,1,1,2,1,2021/06/14,10,0,0,0,0,0,1,1,0,34.583,36.782
1394,Aydinlikevler,600000,280,240,2,3,1,0,3,1,2021/09/11,8,0,1,0,0,0,0,1,0,34.582,36.782
1395,Aydinlikevler,259000,115,100,0,5,1,0,1,1,2021/09/23,5,0,1,1,1,0,0,1,0,34.582,36.782
1396,Aydinlikevler,795000,200,145,2,8,2,1,2,1,2021/09/19,5,0,0,0,0,1,0,1,0,34.583,36.782
1397,Aydinlikevler,450000,105,100,1,3,1,0,1,1,2021/09/15,0,0,0,0,0,1,1,1,0,34.584,36.782
1398,Aydinlikevler,278000,120,100,0,4,1,0,1,0,2021/09/22,4,0,1,0,0,1,1,1,0,34.584,36.781
1399,Aydinlikevler,400000,135,128,3,3,1,0,1,1,2021/09/30,7,0,1,0,0,0,1,1,0,34.585,36.781
1400,Aydinlikevler,370000,170,145,3,3,1,0,2,1,2021/09/29,5,0,1,0,0,0,0,1,0,34.585,36.781
1401,Aydinlikevler,520000,165,150,3,4,2,0,2,1,2021/09/29,5,0,0,1,0,0,0,1,0,34.584,36.782
1402,Aydinlikevler,399000,170,140,3,3,2,0,2,1,2021/09/18,5,0,1,0,0,0,1,1,0,34.585,36.782
1403,Aydinlikevler,415000,135,120,3,4,1,0,1,1,2021/09/13,8,0,1,1,1,0,0,1,0,34.585,36.782
1404,Aydinlikevler,325000,165,140,4,4,1,0,2,1,2021/10/01,7,0,1,0,0,0,1,1,0,34.585,36.783
1405,Aydinlikevler,690000,190,170,4,6,2,1,2,1,2021/09/16,7,0,0,0,0,1,0,1,0,34.585,36.783
1406,Aydinlikevler,660000,170,150,4,7,1,0,2,1,2021/09/19,9,0,0,0,0,0,0,1,0,34.584,36.783
1407,Aydinlikevler,689000,170,140,4,7,2,1,2,1,2021/09/20,7,0,0,,,,,1,0,34.584,36.783
1408,Aydinlikevler,439000,150,120,9,9,1,0,2,0,2021/09/27,7,0,0,0,1,0,0,1,0,34.584,36.783
1409,Aydinlikevler,530000,220,185,2,3,1,1,2,1,2021/09/22,7,0,1,0,0,0,0,1,0,34.584,36.784
1410,Aydinlikevler,530000,150,130,3,4,2,0,2,1,2021/09/25,5,0,0,0,0,1,0,1,0,34.585,36.781
1411,Aydinlikevler,350000,150,145,3,3,1,0,2,1,2021/09/06,5,0,0,1,0,1,0,1,1,34.586,36.781
1412,Aydinlikevler,490000,110,95,1,3,1,1,1,1,2021/09/18,0,0,0,0,0,1,1,1,1,34.586,36.781
1413,Aydinlikevler,350000,105,90,3,4,2,1,1,1,2021/09/17,4,0,0,0,0,1,1,1,0,34.586,36.781
1414,Aydinlikevler,350000,100,90,3,4,1,0,1,1,2021/09/05,4,0,0,0,0,1,1,1,0,34.585,36.780
1415,Aydinlikevler,320000,120,119,0,3,1,1,1,0,2021/09/22,9,0,1,0,1,0,1,1,0,34.586,36.781
1416,Aydinlikevler,420000,160,130,4,4,1,1,2,1,2021/09/17,10,0,1,,,,,1,1,34.586,36.781
1417,Aydinlikevler,550000,160,140,4,4,1,0,2,1,2021/10/01,10,0,1,1,0,1,0,1,0,34.585,36.780
1418,Aydinlikevler,319000,180,150,1,4,1,0,2,0,2021/09/22,9,0,1,0,0,1,1,1,0,34.585,36.781
1419,Aydinlikevler,319000,180,160,1,4,1,0,2,0,2021/09/04,9,0,1,0,0,1,1,1,0,34.587,36.781
1420,Aydinlikevler,310000,110,100,1,3,2,0,1,1,2021/09/10,3,0,0,1,1,0,0,1,0,34.587,36.782
1421,Aydinlikevler,450000,140,125,3,3,1,1,2,1,2021/09/20,11,0,1,1,1,0,0,1,0,34.586,36.782
1422,Aydinlikevler,430000,120,110,0,3,1,0,2,1,2021/09/07,9,0,1,0,0,1,1,1,0,34.587,36.782
1423,Aydinlikevler,738000,220,185,9,11,1,1,2,0,2021/09/06,8,0,0,1,0,0,0,0,0,34.587,36.782
1424,Aydinlikevler,350000,100,90,4,5,2,1,1,1,2021/09/19,4,0,0,0,0,1,1,1,0,34.587,36.781
1425,Aydinlikevler,500000,130,110,4,4,1,1,1,1,2021/09/23,0,0,0,0,0,1,1,1,0,34.587,36.781
1200,Guvenevler,1600000,260,250,8,14,2,1,3,0,2021/09/01,7,0,0,0,0,1,0,1,1,34.583,36.793
1201,Guvenevler,810000,200,180,5,8,1,0,2,1,2021/09/07,8,0,0,0,0,0,0,1,0,34.582,36.792
1202,guvenler,3150000,385,315,11,23,3,2,4,0,2021/03/05,5,0,0,,,,,1,0,34.585,36.792
1204,guvenevler,3300000,400,310,4,18,2,2,5,0,2021/09/27,5,0,0,0,0,1,0,1,0,34.586,36.794
1205,guvenevler,1150000,240,210,13,13,3,1,3,0,2021/09/29,5,0,0,0,1,0,0,1,0,34.587,36.794
1206,guvenevler,1950000,280,240,14,18,2,1,3,0,2021/08/21,5,0,0,0,0,1,0,0,0,34.586,36.792
1207,guvenevler,965000,250,185,2,12,2,1,3,1,2021/09/21,7,0,0,1,1,1,0,1,0,34.587,36.791
1208,guvenevler,2000000,250,180,4,23,2,2,4,1,2021/10/01,0,0,0,0,1,0,0,0,0,34.583,36.789
1209,guvenevler,950000,265,215,1,6,2,1,3,1,2021/09/18,7,0,0,1,0,0,0,1,0,34.583,36.789
1210,guvenevler,950000,260,200,1,6,2,1,3,0,2021/09/17,7,0,0,0,0,0,0,1,0,34.589,36.791
1211,guvenevler,169000,240,190,5,11,2,1,3,0,2021/10/01,5,0,0,0,1,0,0,1,0,34.590,36.792
1212,,1349000,245,200,10,14,3,1,3,0,2021/09/20,7,0,0,0,1,0,0,1,0,34.587,36.790
1213,guvenevler,1800000,250,200,1,15,2,2,4,0,2021/09/06,0,0,0,0,0,0,0,1,0,34.588,36.789
1214,guvenevler,1000000,260,230,1,6,2,1,3,0,2021/09/03,7,0,0,0,0,0,0,1,0,34.587,36.790
1215,guvenevler,570000,140,115,4,11,1,1,2,1,2021/09/09,9,0,0,1,0,0,0,1,0,34.588,36.790
1216,guvenevler,450000,140,130,9,9,1,1,2,0,2021/09/21,8,0,0,0,0,0,1,1,0,34.589,36.790
1217,guvenevler,2250000,450,375,17,18,4,2,4,0,2021/09/24,7,0,0,0,0,1,0,0,0,34.589,36.790
1218,guvenevler,275000,90,80,2,10,1,0,1,0,2021/09/26,10,0,0,0,1,0,1,1,0,34.591,36.791
1219,guvenevler,820000,225,200,4,5,2,1,3,1,2021/09/27,5,0,0,1,0,1,1,1,0,34.588,36.781
1220,guvenevler,550000,185,150,10,12,1,0,2,0,2021/09/13,8,0,0,0,0,1,0,1,0,34.583,36.786
1221,guvenevler,450000,105,90,1,5,2,1,1,1,2021/10/01,0,0,1,0,0,0,0,1,0,34.584,36.787
1222,guvenevler,245000,110,90,1,10,1,0,1,0,2021/09/14,10,0,0,0,1,0,1,1,0,34.585,36.786
1223,guvenevler,550000,160,135,7,12,1,0,2,0,2021/09/17,8,0,0,0,1,0,0,1,0,34.585,36.785
1224,guvenevler,429000,160,140,3,4,1,1,2,1,2021/09/23,9,1,1,0,1,0,0,1,0,34.584,36.785
1225,guvenevler,575000,180,160,7,10,1,1,2,1,2021/10/01,8,0,0,0,0,1,0,0,0,34.584,36.785
1226,guvenevler,600000,150,120,3,9,1,1,2,0,2021/08/17,8,0,0,0,0,1,0,1,0,34.585,36.785
1227,guvenevler,520,180,160,10,10,2,1,2,0,2021/09/11,8,0,0,0,0,1,0,0,0,34.585,36.785
1228,guvenevler,720000,200,175,8,9,2,1,2,0,2021/09/17,8,0,0,0,1,0,0,1,0,34.586,36.786
1229,guvenevler,775000,160,150,8,8,2,1,2,0,2021/09/15,7,0,0,0,0,0,0,1,0,34.586,36.787
1230,guvenevler,575,200,180,10,18,1,1,2,0,2021/09/12,5,0,0,0,1,0,0,0,0,34.587,36.787
1231,guvenevler,2250000,450,385,17,18,4,1,5,0,2021/09/30,0,0,0,0,0,1,0,0,0,34.587,36.787
1232,guvenevler,500000,180,130,10,10,1,1,2,0,2021/09/09,8,0,0,0,0,1,0,0,0,34.585,36.785
1233,guvenevler,745000,220,160,4,9,2,1,2,1,2021/09/07,7,0,0,0,0,0,0,1,0,34.586,36.788
1234,guvenevler,335000,100,90,10,10,1,1,1,0,2021/09/22,9,0,0,0,0,0,0,1,0,34.588,36.788
1235,guvenevler,900000,300,250,2,16,2,1,3,0,2021/09/30,5,0,0,0,0,1,0,1,0,34.588,36.789
1236,guvenevler,429000,160,140,3,4,1,1,2,1,2021/09/04,9,0,1,0,1,0,0,1,0,34.588,36.784
1237,guvenevler,290000,45,45,0,4,1,1,0,1,2021/09/26,0,1,1,0,0,1,0,1,0,34.590,36.789
1238,guvenevler,385000,120,100,4,4,1,1,1,1,2021/09/26,0,0,1,0,0,1,0,1,0,34.590,36.789
1239,guvenevler,315000,125,120,1,4,1,0,1,1,2021/09/30,9,0,1,1,1,0,0,1,0,34.596,36.784
1240,guvenevler,595000,280,180,10,18,1,0,2,0,2021/09/22,7,0,0,0,0,1,0,0,0,34.587,36.787
1241,guvenevler,600000,190,189,5,15,1,0,2,0,2021/09/10,8,0,0,0,0,0,1,1,0,34.587,36.788
1242,guvenevler,340000,120,110,3,10,1,0,1,0,2021/09/27,10,0,0,0,1,1,0,1,0,34.587,36.788
1243,guvenevler,1530000,210,170,4,6,2,1,3,0,2021/09/07,4,0,0,0,0,0,0,1,0,34.588,36.788
1244,guvenevler,640000,170,145,11,12,1,1,2,0,2021/09/06,8,0,0,0,0,1,0,1,0,34.589,36.788
12450,guvenevler,970000,270,260,3,12,2,1,3,1,2021/09/10,7,0,0,0,1,0,1,1,0,34.590,36.789
1245,guvenevler,740000,245,190,5,10,2,1,3,0,2021/10/01,7,0,0,0,1,0,0,1,0,34.590,36.788
1246,guvenevler,449000,140,130,8,10,1,1,2,0,2021/10/01,9,0,0,0,0,1,0,1,0,34.590,36.787
1247,guvenevler,345000,125,124,3,4,1,0,2,1,2021/09/09,8,0,1,0,0,0,1,1,0,34.591,36.787
1248,guvenevler,1098000,190,178,4,12,2,1,2,0,2021/09/06,7,0,0,0,0,1,0,1,0,34.592,36.789
1249,guvenevler,875000,190,150,8,12,2,0,2,0,2021/09/21,7,0,0,0,0,1,0,1,0,34.592,36.789
1250,guvenevler,300000,140,120,4,4,1,0,2,1,2021/09/05,10,0,1,0,1,0,0,1,0,34.593,36.787
1251,guvenevler,450000,115,105,1,5,2,1,1,1,2021/09/09,0,0,0,0,0,0,0,1,0,34.593,36.787
1252,guvenevler,232000,130,110,4,4,1,0,2,1,2021/09/20,10,0,1,0,0,1,0,1,0,34.594,36.787
1253,guvenevler,920000,330,300,6,11,2,1,3,1,2021/09/15,8,0,0,0,0,0,0,1,0,34.594,36.787
1254,guvenevler,510000,160,140,7,7,1,1,2,1,2021/09/18,9,0,0,0,1,0,0,1,0,34.595,36.787
1255,guvenevler,390000,165,140,3,4,1,1,3,1,2021/09/06,11,0,1,0,0,1,0,1,0,34.591,36.782
1256,guvenevler,945000,240,185,3,12,2,1,3,0,2021/09/30,7,0,0,0,0,0,0,1,0,34.589,36.787
1257,guvenevler,465000,165,140,3,10,1,1,2,0,2021/09/30,7,0,0,0,1,0,0,1,0,34.589,36.787
1258,guvenevler,875000,205,185,3,14,2,0,2,0,2021/09/15,8,0,0,0,1,0,0,1,0,34.590,36.785
1259,guvenevler,215000,110,100,0,4,1,0,1,1,2021/09/16,10,0,1,0,0,1,1,1,0,34.596,36.784
1260,guvenevler,295000,110,90,1,4,1,0,1,1,2021/09/27,8,0,1,1,1,0,0,1,0,34.595,36.784
1261,guvenevler,620000,280,250,1,4,1,0,4,1,2021/09/02,10,0,1,0,1,0,0,1,0,34.595,36.784
1262,guvenevler,315000,125,120,1,4,1,0,1,1,2021/09/14,10,0,1,1,1,0,0,1,0,34.594,36.784
1263,guvenevler,295000,125,110,1,4,1,1,1,1,2021/09/29,9,0,1,0,1,1,0,1,1,34.594,36.784
1264,guvenevler,290000,170,145,3,4,1,0,2,1,2021/09/11,10,0,1,0,0,1,0,1,1,34.593,36.783
1265,guvenevler,495000,180,179,4,9,1,0,2,0,2021/09/28,10,0,1,1,0,0,0,1,0,34.588,36.784
1266,guvenevler,595000,145,130,2,4,1,1,2,1,2021/09/11,9,0,1,0,1,1,0,1,0,34.588,36.783
1267,guvenevler,325000,145,130,3,6,1,0,2,1,2021/09/29,11,0,,0,1,0,0,1,0,34.588,36.783
1268,guvenevler,495000,165,165,2,4,1,0,2,1,2021/09/07,9,0,1,1,0,0,1,1,0,34.588,36.783
1269,guvenevler,365000,180,145,5,5,1,0,2,1,2021/09/03,9,0,0,1,0,1,0,1,0,34.588,36.783
1270,guvenevler,790000,180,165,6,10,1,1,2,1,2021/08/03,8,0,0,0,1,0,0,1,0,34.587,36.784
1271,guvenevler,500000,165,150,1,9,1,0,2,1,2021/09/14,9,0,0,1,0,0,0,1,0,34.592,36.785
1272,guvenevler,850000,180,179,1,10,2,1,2,0,2021/09/09,5,0,0,0,1,0,0,1,0,34.592,36.785
1273,guvenevler,880000,280,240,3,13,2,1,3,0,2021/08/01,8,0,0,0,0,1,0,1,0,34.591,36.785
1274,guvenevler,1400000,260,220,7,12,2,1,3,0,2021/09/21,7,0,0,0,1,0,0,1,0,34.591,36.785
1275,guvenevler,1750000,250,220,7,20,2,2,4,0,2021/09/03,0,0,0,0,0,0,0,1,0,34.590,36.785
1276,guvenevler,330000,137,120,1,4,1,0,2,1,2021/09/03,10,0,1,0,0,0,0,1,0,34.591,36.785
1277,guvenevler,310000,125,115,2,4,1,0,2,0,2021/09/30,11,0,1,1,0,0,1,1,1,34.590,36.786
1278,guvenevler,275000,90,80,2,10,1,0,1,0,2021/09/25,10,0,0,0,1,0,1,1,0,34.591,36.786
1279,guvenevler,325000,120,100,10,10,1,1,1,0,2021/07/16,10,0,0,1,0,0,0,1,0,34.592,36.786
1280,guvenevler,300000,87,70,3,10,1,0,1,0,2021/09/17,11,0,0,1,1,0,0,1,0,34.591,36.786
1281,guvenevler,365000,120,110,8,10,1,0,1,0,2021/08/24,11,0,0,1,1,0,0,1,1,34.591,36.786
1282,guvenevler,340000,130,115,0,8,1,1,1,1,2021/09/29,8,0,0,1,0,0,1,1,0,34.590,36.786
1283,guvenevler,330000,140,125,10,10,1,1,1,0,2021/09/17,10,0,0,1,0,1,0,1,0,34.590,36.787
1284,guvenevler,294000,155,110,3,6,1,0,2,1,2021/09/30,11,0,0,0,1,0,0,1,0,34.592,36.786
1285,guvenevler,580000,220,180,1,10,2,0,2,0,2021/09/08,9,0,0,0,0,1,0,1,0,34.586,36.785
1286,guvenevler,1750000,250,200,7,23,2,1,4,0,2021/10/01,3,0,0,0,0,1,0,1,0,34.590,36.784
1287,guvenevler,429000,160,140,3,4,1,1,2,1,2021/09/16,10,1,1,0,1,0,0,1,0,34.591,36.782
1288,guvenevler,429000,150,130,3,4,1,0,2,1,2021/09/29,8,1,1,0,1,0,0,1,0,34.590,36.782
1289,guvenevler,429000,175,174,3,4,1,0,2,1,2021/09/28,7,0,1,0,1,0,0,1,0,34.589,36.783
1290,guvenevler,322000,150,110,1,10,1,1,1,0,2021/09/29,9,0,0,0,0,1,1,1,0,34.587,36.784
1291,guvenevler,275000,120,119,1,4,1,0,1,0,2021/09/17,10,0,1,0,0,1,1,1,0,34.591,36.784
1292,guvenevler,320000,150,130,1,4,1,0,2,1,2021/09/25,10,0,1,0,0,0,1,1,1,34.592,36.785
1293,guvenevler,344000,125,110,3,4,1,0,2,1,2021/09/04,8,0,1,0,0,0,1,1,1,34.592,36.784
1294,guvenevler,340000,140,120,1,4,1,0,2,1,2021/09/13,10,0,1,0,0,0,0,1,0,34.592,36.785
1295,guvenevler,350000,170,125,2,4,1,0,2,1,2022/09/15,10,0,1,1,1,0,0,1,1,34.593,36.783
1296,guvenevler,290000,150,120,3,3,1,1,1,1,2021/09/08,10,0,1,1,0,0,1,1,1,34.593,36.783
1297,guvenevler,270000,120,100,4,4,1,1,1,1,2021/09/06,10,0,1,1,0,0,1,1,1,34.592,36.783
1298,guvenevler,315000,145,135,4,4,1,0,2,1,2021/09/14,9,0,1,1,0,0,1,1,1,34.593,36.784
1299,guvenevler,255000,160,140,3,3,1,0,2,1,2021/09/12,9,0,1,0,0,1,0,1,0,34.594,36.785
1300,guvenevler,325000,165,155,2,4,1,0,2,1,2021/10/01,7,0,,0,0,1,0,1,0,34.594,36.785
1301,guvenevler,225000,140,130,2,4,1,0,2,1,2021/09/11,10,0,1,0,1,1,0,1,1,34.595,36.784
1302,guvenevler,295000,110,110,2,5,1,0,1,1,2021/09/12,10,0,1,1,1,1,0,1,0,34.595,36.784
1303,guvenevler,265000,140,130,4,4,1,0,2,1,2021/09/29,10,0,1,0,1,1,0,1,1,34.594,36.785
1304,guvenevler,260000,200,180,3,4,1,0,2,1,2021/09/21,10,0,1,0,1,1,0,1,0,34.595,36.785
1305,guvenevler,530000,180,150,4,5,1,0,2,1,2021/09/10,8,0,0,0,0,1,1,1,0,34.595,36.785
1306,guvenevler,265000,135,130,4,4,1,0,2,1,2021/09/11,9,0,1,0,1,1,0,1,1,34.595,36.785
1307,guvenevler,255000,140,130,2,4,1,0,2,1,2021/09/27,10,0,1,0,1,1,0,1,1,34.594,36.785
1308,guvenevler,300000,200,180,3,4,1,0,3,1,2021/09/24,10,0,1,0,1,1,0,1,1,34.594,36.784
800,Akkent,870000,180,160,12,14,1,1,2,0,2021/08/11,7,0,0,0,0,1,0,0,0,34.554,36.765
801,Akkent,335000,135,125,10,11,1,1,2,0,2021/08/20,8,0,0,0,0,1,0,1,0,34.555,36.766
802,Akkent,450000,120,100,3,9,1,1,2,1,2021/08/28,8,0,0,0,0,1,1,0,0,34.556,36.767
803,Akkent,330000,190,145,9,9,1,0,2,1,2021/08/24,8,0,0,0,1,0,1,1,1,34.555,36.767
804,Akkent,750000,240,185,3,7,2,1,3,1,2021/08/31,7,0,0,0,0,0,0,1,0,34.554,36.768
805,Akkent,749000,240,185,3,7,2,1,3,1,2021/08/19,7,0,0,0,0,0,0,0,0,34.554,36.768
806,Akkent,335000,85,80,3,7,1,1,0,0,2021/08/12,3,0,0,1,0,0,0,1,0,34.552,36.768
807,Akkent,800000,200,143,14,15,2,2,2,0,2021/08/14,3,0,0,0,0,0,0,1,0,34.551,36.769
808,Akkent,525000,135,120,4,6,1,1,2,0,2021/08/19,7,0,0,0,0,1,1,1,1,34.556,36.768
809,Akkent,750000,190,140,3,10,2,1,2,0,2021/08/31,6,0,0,1,0,0,0,1,0,34.556,36.769
810,Akkent,335000,180,150,1,10,1,1,2,0,2021/09/08,8,0,0,0,0,1,1,1,0,34.557,36.768
811,Akkent,350000,160,130,5,9,1,0,2,0,2021/09/03,8,0,0,0,0,1,1,1,0,34.557,36.769
812,Akkent,525000,140,135,4,6,1,1,2,0,2021/08/28,7,0,0,0,0,1,1,1,0,34.557,36.768
813,Akkent,350000,165,142,1,9,1,1,2,1,2021/09/06,8,0,0,0,0,1,1,1,0,34.557,36.769
814,Akkent,370000,155,130,3,9,1,0,2,1,2021/08/30,7,0,0,0,0,1,1,1,0,34.558,36.770
815,Akkent,480000,105,95,1,10,2,1,1,0,2021/09/09,3,0,0,0,0,1,1,1,0,34.557,36.770
816,Akkent,1500000,240,220,7,9,2,1,2,0,2021/08/27,6,0,0,1,1,0,0,0,0,34.557,36.770
817,Akkent,690000,195,170,2,18,2,1,2,0,2021/08/31,7,0,0,0,0,1,0,1,0,34.559,36.769
818,Akkent,325000,175,150,1,9,1,1,2,0,2021/08/30,8,0,0,0,0,1,1,1,0,34.559,36.769
819,Akkent,680000,180,160,3,6,1,0,2,1,2021/09/01,9,0,0,0,0,1,0,0,0,34.561,36.769
820,Akkent,690000,180,160,3,6,1,0,2,1,2021/09/09,9,0,0,0,0,1,0,0,0,34.560,36.768
821,Akkent,435000,150,138,1,14,1,0,2,1,2021/08/29,11,0,1,1,0,0,0,1,0,34.562,36.769
822,Akkent,328000,160,135,1,5,1,0,2,1,2021/09/09,9,0,1,1,0,0,1,1,1,34.554,36.770
823,Akkent,495000,200,170,7,12,1,1,2,1,2021/09/02,8,0,0,0,0,0,1,0,0,34.554,36.770
824,Akkent,654000,200,180,6,13,1,1,2,0,2021/08/16,7,0,0,0,1,0,0,1,0,34.555,36.770
825,Akkent,350000,185,184,2,2,1,0,2,0,2021/08/13,10,0,1,0,0,1,0,1,0,34.555,36.770
826,Akkent,450000,200,105,1,4,2,1,1,0,2021/09/07,6,0,0,1,0,1,0,1,0,34.554,36.771
827,Akkent,355000,135,125,10,11,1,0,2,0,2021/08/11,8,0,0,0,0,1,0,1,0,34.553,36.771
828,Akkent,375000,180,150,9,9,1,0,2,1,2021/08/22,6,0,0,0,0,1,1,1,0,34.554,36.771
829,Akkent,650000,175,150,14,14,2,1,2,0,2021/08/31,6,0,0,0,1,0,0,1,0,34.554,36.772
830,Akkent,289000,110,90,2,4,2,1,1,0,2021/08/12,4,0,0,1,1,0,0,1,0,34.555,36.772
831,Akkent,1300000,240,239,3,13,2,1,3,0,2021/09/04,0,0,0,0,0,1,0,1,0,34.555,36.772
832,Akkent,370000,175,142,8,9,1,0,2,1,2021/09/08,9,0,0,0,0,1,0,1,0,34.556,36.772
833,Akkent,425000,130,100,3,4,1,1,1,1,2021/09/09,6,0,0,0,0,0,1,1,0,34.556,36.771
834,Akkent,319000,200,150,1,3,1,0,2,1,2021/09/02,9,0,1,1,0,0,1,1,1,34.557,36.771
835,Akkent,345000,130,105,1,4,1,0,1,1,2021/08/28,3,0,0,1,1,0,0,1,0,34.559,36.774
836,Akkent,346000,95,80,7,7,1,0,1,1,2021/09/06,2,0,0,1,1,1,0,1,0,34.557,36.774
837,Akkent,450000,120,100,3,11,1,1,1,0,2021/08/26,3,0,0,0,1,0,0,1,0,34.555,36.773
838,Akkent,330000,100,70,4,5,1,1,0,1,2021/08/23,2,0,0,0,0,1,1,1,0,34.555,36.773
839,Akkent,425000,125,90,3,4,1,1,1,0,2021/09/07,6,0,0,0,0,0,1,1,0,34.555,36.774
840,Akkent,390000,170,140,9,10,1,0,2,0,2021/08/28,8,0,0,0,0,1,0,1,0,34.559,36.775
841,Akkent,330000,75,55,4,5,1,0,0,1,2021/08/31,3,0,0,0,0,1,1,1,0,34.554,36.774
842,Akkent,355000,120,119,2,5,2,1,1,0,2021/08/30,4,0,0,1,0,1,0,1,0,34.555,36.774
843,Akkent,550000,175,140,11,11,1,1,2,0,2021/08/25,6,0,0,1,0,1,0,0,0,34.555,36.775
844,Akkent,900000,190,160,3,14,2,1,2,0,2021/08/16,2,0,0,0,0,1,0,1,0,34.555,36.775
845,Akkent,650000,170,150,14,14,2,1,2,1,2021/08/31,6,0,0,0,1,0,0,1,0,34.551,36.771
846,Akkent,265000,60,55,1,12,1,1,0,0,2021/08/13,6,0,0,1,1,1,0,1,0,34.551,36.772
847,Akkent,1600000,220,195,12,29,2,2,2,0,2021/08/19,0,0,0,0,1,0,0,0,0,34.550,36.773
848,Akkent,1350000,240,190,14,15,2,1,3,0,2021/09/08,6,0,0,0,1,0,0,1,0,34.550,36.773
849,Akkent,760000,220,175,1,10,2,2,3,0,2021/09/01,2,0,0,1,0,0,0,1,0,34.548,36.775
850,Akkent,420000,138,105,1,6,1,1,1,1,2021/08/18,4,0,0,0,0,1,0,1,0,34.549,36.775
851,Akkent,435000,120,119,3,11,1,1,1,0,2021/08/13,3,0,0,0,0,1,0,0,0,34.550,36.775
852,Akkent,403000,120,100,1,4,1,1,1,0,2021/08/27,4,0,0,0,1,0,1,1,0,34.550,36.775
853,Akkent,450000,105,90,3,11,1,1,1,1,2021/09/07,6,0,0,0,1,0,0,1,0,34.550,36.776
854,Akkent,875000,200,150,3,8,2,1,3,0,2021/09/01,6,0,0,0,1,0,0,1,0,34.552,36.776
855,Akkent,480000,116,90,1,1,1,1,1,1,2021/09/02,1,0,1,0,0,1,1,1,0,34.554,36.777
856,Akkent,765000,165,130,2,5,2,1,2,0,2021/09/01,4,0,0,0,0,0,0,1,0,34.552,36.778
857,Akkent,750000,175,143,1,8,2,1,2,1,2021/09/10,6,0,0,,,,,,,34.549,36.776
858,Akkent,510000,115,100,3,13,2,2,1,0,2021/09/01,0,0,0,0,0,0,0,1,0,34.549,36.776
859,Akkent,890000,190,180,9,9,2,1,2,1,2021/09/09,6,0,0,0,0,0,0,1,0,34.548,36.776
860,Akkent,300000,65,55,7,12,1,0,0,0,2021/09/07,6,0,0,0,1,1,1,1,0,34.549,36.777
861,Akkent,899000,180,170,15,15,2,1,2,1,2021/07/28,6,0,0,0,1,0,0,0,0,34.550,36.778
862,Akkent,730000,165,130,6,11,2,1,2,0,2021/08/25,6,0,0,0,1,0,0,1,0,34.551,36.778
863,Akkent,330000,120,100,2,4,1,0,1,0,2021/08/27,4,0,0,1,0,1,0,1,0,34.550,36.778
864,Akkent,2400000,450,400,21,22,4,1,5,0,2021/09/05,4,0,0,0,1,0,0,0,0,34.555,36.777
865,Akkent,770000,220,160,1,15,2,1,3,0,2021/09/06,6,0,0,0,0,1,0,1,0,34.551,36.778
866,Akkent,1250000,250,175,12,15,2,2,3,1,2021/09/04,0,0,0,0,1,0,0,1,0,34.551,36.777
867,Akkent,1300000,220,170,9,14,2,1,3,0,2021/09/08,6,0,0,0,0,0,0,1,0,34.552,36.777
868,Akkent,2250000,350,280,14,15,3,2,4,1,2021/07/14,4,0,0,1,1,0,1,1,0,34.553,36.778
869,Akkent,450000,140,120,4,5,2,1,1,1,2021/09/02,6,0,0,0,0,1,0,1,0,34.551,36.779
870,Akkent,1200000,210,165,2,23,2,1,3,0,2021/08/12,4,0,0,0,0,0,0,1,0,34.550,36.779
871,Akkent,699000,165,130,5,7,1,0,2,0,2021/08/20,0,0,0,0,0,0,0,1,0,34.550,36.779
872,Akkent,620000,110,100,9,12,2,1,1,0,2021/09/03,6,0,0,0,1,0,0,1,0,34.550,36.780
873,Akkent,1585000,200,170,12,24,2,2,3,0,2021/09/09,0,0,0,0,0,0,0,1,0,34.550,36.779
874,Akkent,463000,110,90,5,14,2,2,1,0,2021/08/19,3,1,0,0,0,1,1,1,0,34.547,36.780
875,Akkent,520000,120,100,3,13,2,2,1,0,2021/09/01,0,0,0,0,0,0,1,1,0,34.547,36.780
876,Akkent,450000,190,95,1,4,2,1,1,0,2021/09/10,6,0,0,1,0,1,0,1,0,34.548,36.781
877,Akkent,750000,140,125,13,13,2,2,1,0,2021/09/01,0,0,0,1,0,0,1,1,0,34.547,36.782
878,Akkent,665000,180,120,9,9,2,1,1,0,2021/09/04,2,0,0,0,0,1,0,1,0,34.547,36.782
879,Akkent,480000,105,95,1,10,2,1,1,0,2021/09/09,3,0,0,0,0,1,1,1,0,34.549,36.782
880,Akkent,760000,220,175,1,10,2,2,3,0,2021/09/07,2,0,0,1,0,0,0,1,0,34.549,36.783
881,Akkent,930000,190,165,6,10,2,2,2,1,2021/06/22,6,0,0,0,1,0,0,1,0,34.549,36.784
882,Akkent,970000,180,145,7,14,2,1,2,0,2021/09/01,6,0,0,0,0,0,0,1,0,34.549,36.780
883,Akkent,2000000,250,190,5,15,2,2,4,0,2021/09/04,0,0,0,0,0,0,0,1,0,34.550,36.781
884,Akkent,1200000,240,150,5,13,2,2,3,0,2021/09/06,0,0,0,0,0,0,0,1,0,34.549,36.784
885,Akkent,1175000,200,140,11,13,2,1,3,1,2021/06/25,0,0,0,0,0,1,0,1,0,34.550,36.784
886,Akkent,1450000,200,149,12,13,2,1,3,1,2021/08/30,0,0,0,0,0,1,0,1,0,34.550,36.784
887,Akkent,380000,65,55,8,8,1,1,0,0,2021/08/19,1,0,0,,,,,1,0,34.551,36.785
888,Akkent,1150000,240,150,3,14,2,2,3,0,2021/09/01,0,0,0,0,1,0,0,1,0,34.553,36.782
889,Akkent,1399000,220,163,8,20,2,1,4,0,2021/08/28,1,0,0,0,0,1,0,1,0,34.552,36.782
890,Akkent,1150000,200,150,5,12,2,1,3,0,2021/08/26,0,0,0,0,1,0,0,1,0,34.551,36.782
891,Akkent,750000,170,130,3,12,2,1,2,0,2021/08/12,0,0,0,0,0,0,0,1,0,34.551,36.783
892,Akkent,445000,150,130,1,6,2,1,2,0,2021/09/09,6,0,0,0,0,1,0,1,0,34.553,36.780
893,Akkent,259000,120,100,8,8,1,0,2,1,2021/08/28,9,0,0,0,1,0,0,1,0,34.554,36.780
894,Akkent,280000,135,115,6,7,1,0,2,0,2021/09/05,8,0,0,0,1,0,0,1,0,34.554,36.780
895,Akkent,300000,135,115,6,7,1,0,2,0,2021/08/14,9,0,0,0,1,1,0,1,0,34.554,36.780
896,Akkent,264000,120,100,7,7,1,0,2,0,2021/08/01,8,0,0,0,0,1,0,1,0,34.553,36.780
897,Akkent,425000,105,105,3,4,1,1,1,0,2021/09/07,6,0,0,0,0,0,1,1,0,34.557,36.779
898,Akkent,1510000,260,200,20,21,3,1,3,1,2021/09/07,4,0,0,0,0,1,0,0,0,34.556,36.779
899,Akkent,620000,155,140,6,6,2,1,2,0,2021/09/07,6,0,0,0,0,0,0,1,0,34.557,36.777
1000,Akkent,1150000,210,190,11,13,2,2,3,0,2021/09/08,0,0,0,0,0,1,0,1,0,34.551,36.785
1001,Akkent,425000,105,90,3,4,1,1,1,1,2021/09/08,6,0,0,0,0,0,1,1,0,34.557,36.778
1002,Akkent,800000,220,165,0,15,2,2,3,1,2021/09/10,4,0,0,1,1,0,1,1,0,34.557,36.778
1003,Akkent,345000,95,70,7,7,1,0,1,0,2021/09/04,2,0,0,1,1,0,0,1,0,34.557,36.777
1004,Akkent,527000,135,120,4,6,1,1,2,0,2021/08/25,7,0,0,0,0,1,1,1,0,34.558,36.767
900,Barbaros,650000,175,160,7,12,1,1,2,0,2021/08/30,9,0,0,1,0,1,0,1,0,34.572,36.775
901,Barbaros,1650000,480,350,7,8,3,1,4,0,2021/09/10,7,0,0,0,0,0,0,0,0,34.573,36.775
902,Barbaros,1950000,285,240,7,15,2,1,3,0,2021/09/02,8,0,0,0,1,0,0,0,0,34.574,36.775
903,Barbaros,590000,160,135,6,10,2,0,1,1,2021/08/14,9,0,0,1,1,0,0,0,0,34.573,36.775
904,Barbaros,676000,170,160,6,9,1,1,2,0,2021/09/10,8,0,0,0,0,1,0,1,0,34.573,36.776
905,Barbaros,590000,175,160,8,12,1,0,2,0,2021/08/30,10,0,0,0,0,1,1,0,0,34.572,36.776
906,Barbaros,297500,120,100,2,4,1,0,2,1,2021/08/30,10,0,1,0,1,0,1,1,0,34.574,36.776
907,Barbaros,180000,55,40,0,2,1,1,0,1,2021/09/01,0,1,1,1,0,0,1,1,0,34.576,36.775
908,Barbaros,3200000,330,260,3,19,2,1,4,0,2021/08/27,8,0,0,0,0,1,0,0,0,34.577,36.776
909,Barbaros,3250000,250,210,3,15,2,1,3,0,2021/08/16,9,0,0,0,0,1,0,0,0,34.576,36.776
910,Barbaros,3500000,240,180,9,18,2,1,3,0,2021/09/08,9,0,0,0,0,1,0,0,0,34.576,36.776
911,Barbaros,720000,250,220,3,14,2,1,3,1,2021/09/09,7,0,0,0,0,1,0,1,0,34.573,36.777
912,Barbaros,400000,200,200,4,4,1,0,2,1,2021/07/31,9,0,1,0,0,0,1,1,0,34.573,36.777
913,Barbaros,400000,200,148,5,5,1,0,2,1,2021/09/07,6,0,0,1,0,0,0,1,0,34.572,36.777
914,Barbaros,565000,200,185,11,11,2,1,2,0,2021/09/03,8,0,0,0,1,0,0,0,0,34.575,36.777
915,Barbaros,280000,135,120,4,4,1,0,2,1,2021/08/17,10,0,1,1,0,1,0,1,0,34.575,36.777
916,Barbaros,620000,220,180,3,12,1,1,3,0,2021/09/04,8,0,0,0,0,1,0,1,0,34.574,36.778
917,Barbaros,580000,190,189,2,9,1,0,2,1,2021/09/10,7,0,0,0,0,1,0,1,0,34.574,36.778
918,Barbaros,1050000,320,265,5,10,2,1,4,0,2021/09/09,7,0,0,0,0,0,0,1,0,34.574,36.778
919,Barbaros,625000,220,180,3,12,1,1,3,0,2021/09/10,9,0,0,0,0,1,0,1,0,34.575,36.778
920,Barbaros,420000,140,125,3,7,1,1,2,1,2021/08/16,11,0,0,0,0,0,1,1,0,34.575,36.777
921,Barbaros,740000,210,209,6,10,1,0,2,0,2021/09/10,7,0,0,0,0,0,0,1,0,34.575,36.777
922,Barbaros,180000,60,50,0,2,1,1,0,1,2021/09/11,0,0,1,1,1,0,0,1,0,34.576,36.777
923,Barbaros,650000,180,160,10,12,1,0,2,0,2021/08/19,8,0,0,0,0,1,0,1,0,34.575,36.778
924,Barbaros,588000,230,160,8,12,1,1,3,1,2021/08/29,7,0,0,0,0,1,0,0,0,34.576,36.778
925,Barbaros,460000,160,150,2,4,1,0,2,1,2021/08/18,8,0,1,0,0,1,0,1,0,34.575,36.779
926,Barbaros,285000,160,145,3,3,1,0,2,1,2021/08/16,8,0,1,0,0,0,1,1,0,34.576,36.779
927,Barbaros,580000,175,174,1,8,2,0,2,0,2021/09/10,6,0,0,0,1,0,0,1,0,34.575,36.779
928,Barbaros,970000,210,209,10,15,2,1,3,0,2021/08/14,6,0,0,0,0,1,0,1,0,34.575,36.779
929,Barbaros,699000,210,149,10,11,2,1,3,1,2021/09/03,7,0,0,0,1,0,0,0,0,34.576,36.780
930,Barbaros,620000,245,220,3,12,1,1,3,1,2021/09/04,7,0,0,0,0,1,0,1,0,34.575,36.780
931,Barbaros,680000,250,220,1,8,2,1,3,0,2021/09/03,6,0,0,0,1,0,0,1,0,34.575,36.779
932,Barbaros,820000,240,239,5,8,2,1,3,0,2021/09/05,6,0,0,0,0,0,0,1,0,34.574,36.779
933,Barbaros,300000,105,88,2,2,1,1,1,1,2021/08/17,0,0,1,0,0,0,1,1,0,34.574,36.779
934,Barbaros,310000,90,80,2,2,1,1,1,1,2021/09/11,0,0,1,1,0,0,0,1,0,34.575,36.778
935,Barbaros,570000,220,220,7,12,1,1,2,1,2021/08/13,8,0,0,0,1,0,0,0,0,34.573,36.778
936,Barbaros,625000,220,180,3,12,1,1,3,1,2021/09/08,8,0,0,,0,,,1,0,34.573,36.779
937,Barbaros,240000,55,50,1,3,1,1,0,1,2021/08/23,3,0,1,,,,,1,0,34.573,36.777
938,Barbaros,395,160,135,4,4,1,0,2,1,2021/08/17,9,0,1,1,0,0,0,1,0,34.572,36.778
939,Barbaros,285,100,80,2,4,1,1,1,1,2021/09/07,4,0,1,1,0,0,0,1,0,34.571,36.779
940,Barbaros,410000,170,150,7,7,1,1,2,0,2021/09/01,8,0,0,0,1,0,0,1,0,34.571,36.780
941,Barbaros,500000,190,170,9,9,1,0,2,1,2021/06/28,8,0,0,0,0,0,1,1,0,34.570,36.780
942,Barbaros,750000,230,210,3,6,2,1,3,1,2021/08/10,6,0,0,0,0,1,0,1,0,34.571,36.782
943,Barbaros,700000,220,180,14,14,2,1,3,0,2021/08/16,7,0,0,0,1,0,0,1,0,34.572,36.781
944,Barbaros,750000,190,180,6,10,1,0,2,0,2021/08/18,8,0,0,0,0,0,0,1,0,34.572,36.781
945,Barbaros,310000,110,80,2,2,1,0,1,1,2021/08/16,0,0,1,0,0,0,1,1,0,34.571,36.782
946,Barbaros,310000,100,95,2,4,1,0,1,1,2021/08/13,0,0,1,0,0,0,1,1,0,34.573,36.782
947,Barbaros,550000,170,145,6,6,2,1,1,0,2021/09/01,6,0,0,0,1,0,0,1,0,34.570,36.782
948,Barbaros,195000,65,60,3,3,1,0,0,1,2021/08/25,4,0,1,0,1,0,1,1,0,34.573,36.783
949,Barbaros,700000,200,170,7,15,2,1,2,0,2021/09/03,8,0,0,0,0,1,0,1,0,34.574,36.783
950,Barbaros,200000,65,55,1,2,1,0,0,1,2021/08/16,0,0,1,1,0,0,1,1,0,34.573,36.782
951,Barbaros,750000,200,180,6,10,1,1,2,1,2021/09/03,6,0,0,0,0,0,0,1,0,34.573,36.782
952,Barbaros,310000,110,80,2,2,1,0,1,1,2021/08/16,0,0,1,0,0,0,1,1,0,34.573,36.781
953,Barbaros,740000,180,140,6,10,1,0,2,0,2021/09/03,7,0,0,0,0,0,0,1,0,34.575,36.781
954,Barbaros,339000,145,115,0,3,2,1,2,1,2021/09/10,6,0,1,1,0,0,0,1,0,34.575,36.781
955,Barbaros,240000,130,100,0,3,1,0,2,1,2021/09/02,9,0,1,1,0,0,1,1,0,34.576,36.781
956,Barbaros,310000,95,85,2,2,1,1,1,1,2021/08/31,0,0,1,1,0,1,0,1,0,34.575,36.783
957,Barbaros,235000,60,55,2,3,1,0,0,1,2021/09/01,3,0,1,0,1,0,1,1,0,34.575,36.782
958,Barbaros,294000,135,130,3,4,1,0,2,1,2021/08/14,9,0,1,0,1,0,0,1,0,34.576,36.782
959,Barbaros,625000,200,165,12,12,1,1,3,0,2021/08/28,8,0,0,0,0,1,0,1,0,34.576,36.782
960,Barbaros,355000,100,80,1,2,1,0,1,1,2021/09/02,6,0,1,0,1,1,0,1,0,34.576,36.782
961,Barbaros,437000,140,130,2,2,1,1,2,1,2021/08/18,4,0,1,0,1,0,1,1,0,34.576,36.782
962,Barbaros,525000,190,130,2,2,1,0,2,1,2021/09/08,6,0,1,1,0,1,0,1,0,34.576,36.781
963,Barbaros,265000,80,75,0,3,1,1,1,1,2021/09/03,6,0,1,1,1,0,0,1,0,34.576,36.781
964,Barbaros,305000,100,100,0,3,2,0,1,1,2021/08/13,4,0,1,0,0,0,1,1,0,34.577,36.781
965,Barbaros,245000,55,50,1,3,1,1,0,1,2021/09/06,3,0,1,1,1,0,1,1,0,34.577,36.782
966,Barbaros,300000,135,120,3,4,1,1,1,1,2021/09/01,11,0,1,0,0,1,1,1,0,34.575,36.785
967,Barbaros,177000,60,55,0,3,1,0,0,1,2021/08/20,6,0,1,0,1,1,0,1,0,34.576,36.783
968,Barbaros,187000,60,55,3,3,1,0,0,1,2021/08/20,6,0,1,0,1,1,0,1,1,34.575,36.783
969,Barbaros,450000,110,100,2,5,1,1,1,1,2021/09/07,4,0,0,0,1,0,1,1,0,34.581,36.785
970,Barbaros,799000,145,137,2,8,2,1,2,0,2021/09/07,6,0,0,0,1,0,0,1,0,34.581,36.785
971,Barbaros,544000,170,149,1,7,2,0,2,1,2021/09/10,6,0,0,,,,,,,34.580,36.785
972,Barbaros,570000,180,150,1,11,2,1,2,0,2021/09/02,7,0,0,0,1,0,0,1,0,34.578,36.785
973,Barbaros,430000,155,140,5,13,1,0,2,0,2021/08/16,9,0,0,0,0,1,0,1,0,34.578,36.785
974,Barbaros,685000,240,200,5,6,1,1,2,0,2021/09/04,6,0,0,0,0,0,0,1,0,34.577,36.784
975,Barbaros,844000,210,145,2,11,2,1,2,0,2021/09/11,7,0,0,0,0,1,0,1,0,34.577,36.784
976,Barbaros,835000,240,190,5,8,2,1,3,0,2021/09/07,7,0,0,0,0,0,0,1,0,34.577,36.784
977,Barbaros,790000,180,140,6,15,2,1,2,0,2021/09/07,0,0,0,0,0,1,0,1,0,34.577,36.784
978,Barbaros,463,165,155,13,14,1,0,2,1,2021/08/19,7,0,0,0,0,0,0,1,0,34.577,36.784
979,Egricam,520000,165,140,9,9,1,0,2,1,2021/09/09,6,0,0,0,0,0,1,1,0,34.569,36.780
980,Egricam,539500,220,180,10,10,2,1,3,0,2021/08/31,7,0,0,0,1,0,0,1,0,34.569,36.779
981,Egricam,260000,70,65,1,3,1,1,0,1,2021/08/26,3,0,1,1,0,1,0,1,0,34.567,36.776
982,Egricam,350000,220,200,3,3,1,0,2,1,2021/09/01,9,0,1,1,0,0,0,1,0,34.568,36.775
983,Egricam,1100000,210,170,10,13,2,1,3,0,2021/08/30,6,0,0,,,,,,0,34.567,36.774
984,Egricam,1350000,255,230,1,9,1,0,3,1,2021/09/06,9,0,0,0,0,1,0,0,0,34.567,36.774
985,Egricam,525000,200,199,5,12,1,0,2,0,2021/08/17,8,0,0,0,1,0,0,1,0,34.570,36.776
986,Egricam,530000,185,150,8,12,1,0,2,1,2021/08/25,8,0,0,0,0,1,0,1,0,34.570,36.775
987,Egricam,678000,180,160,6,9,1,1,2,0,2021/09/01,7,0,0,0,0,0,0,1,0,34.571,36.774
988,Egricam,1850000,275,250,10,14,2,1,3,0,2021/09/04,7,0,0,0,1,0,0,0,0,34.570,36.773
989,Egricam,1800000,230,195,3,10,1,1,2,0,2021/08/28,8,0,0,0,0,1,0,0,0,34.569,36.773
990,Egricam,1850000,280,200,10,12,2,1,3,0,2021/08/14,7,0,0,0,0,1,0,0,0,34.571,36.773
991,Egricam,349000,180,165,6,6,1,0,2,0,2021/08/18,9,0,0,0,1,0,0,1,0,34.566,36.775
992,Egricam,445000,120,119,4,4,2,0,1,1,2021/08/26,1,0,0,0,0,1,1,1,0,34.566,36.774
993,Egricam,2775000,250,230,15,17,2,1,4,0,2021/08/07,9,0,0,0,0,1,0,0,0,34.567,36.773
994,Egricam,565000,200,199,5,12,1,0,2,0,2021/08/27,8,0,0,0,1,0,0,1,0,34.566,36.773
995,Egricam,3500000,280,250,4,20,4,2,3,0,2021/08/14,6,0,0,0,0,1,0,0,0,34.567,36.772
996,Egricam,2500000,250,215,5,9,2,1,3,1,2021/09/03,9,0,0,0,0,1,0,0,0,34.566,36.772
997,Egricam,625000,140,120,2,10,1,0,2,0,2021/09/01,9,0,0,0,0,1,0,1,0,34.564,36.773
998,Egricam,3100000,245,200,15,15,2,1,2,0,2021/09/02,9,0,0,0,1,0,0,0,0,34.566,36.772
999,Egricam,2500000,230,200,13,17,2,1,3,0,2021/08/26,7,0,0,0,0,1,0,0,0,34.564,36.771
1051,Egricam,1350000,175,140,3,7,1,0,2,1,2021/09/10,8,0,0,1,0,1,0,0,0,34.563,36.770
1052,Egricam,425000,149,135,1,10,1,1,2,0,2021/09/11,8,0,0,1,0,0,0,1,0,34.563,36.771
1053,Egricam,650000,170,130,4,4,2,0,2,1,2021/09/02,6,0,0,0,1,1,0,0,0,34.563,36.772
1,cumhuriyet,238000,130,120,1,5,1,0,2,1,2021/07/07,10,0,1,0,1,0,1,1,0,34.606,36.790
2,guvenevler,550000,170,130,10,10,2,1,2,1,2021/07/06,8,0,0,1,0,0,0,1,0,34.586,36.784
3,pirireis,184000,130,120,3,6,1,1,2,1,2021/07/05,10,0,0,1,1,1,0,1,1,34.612,36.788
4,ciftlikkoy,700000,192,142,3,13,2,2,1,0,2021/07/03,0,0,0,1,1,0,0,1,0,34.543,36.782
5,ciftlikkoy,468000,170,155,2,7,1,1,2,0,2021/07/02,6,0,0,0,1,0,0,1,0,34.534,36.778
6,barbaros,330000,110,90,0,3,1,0,1,1,2021/06/30,4,0,1,0,1,0,1,1,0,34.575,36.781
7,mentes,1250000,280,240,6,15,3,1,3,0,2021/06/22,6,0,0,0,0,1,0,1,0,34.574,36.790
8,akkent,1050000,230,160,2,15,2,1,3,0,2021/07/09,6,0,0,0,1,0,0,1,0,34.548,36.779
9,bahcelievler,350000,110,90,2,3,1,1,1,1,2021/07/09,0,0,0,0,0,0,0,1,0,34.595,36.790
10,limonluk,990000,250,220,2,15,2,1,3,0,2021/07/09,6,0,0,0,1,0,0,1,0,34.597,36.801
11,bahcelievler,245000,120,100,0,4,1,1,1,1,2021/07/09,6,0,0,1,0,1,1,1,0,34.594,36.795
12,aydinlikevler,280000,120,110,2,3,1,0,2,1,2021/07/09,11,0,1,1,0,0,0,1,0,34.587,36.782
13,mentes,630000,170,140,2,6,2,1,2,0,2021/07/09,0,0,0,0,0,0,0,1,0,34.579,36.787
14,pirireis,205000,135,110,2,4,1,0,2,1,2021/07/09,10,0,1,0,1,1,0,1,1,34.610,36.787
15,ciftlikkoy,579000,190,145,7,10,2,1,2,0,2021/07/09,6,0,0,0,0,1,0,1,0,34.542,36.774
16,egricam,3050000,500,400,11,11,2,1,5,0,2021/07/09,7,0,0,1,0,0,0,1,0,34.564,36.770
17,hurriyet,358000,130,103,2,5,1,0,1,0,2021/07/09,6,0,0,1,0,0,0,1,0,34.605,36.793
18,hurriyet,438000,185,150,3,4,2,1,2,0,2021/07/08,6,0,0,0,1,0,0,1,0,34.603,36.792
19,fuatmorel,1550000,220,190,13,16,2,2,3,0,2021/07/08,2,0,0,0,1,0,0,1,0,34.582,36.813
20,ciftlikkoy,230000,65,60,1,7,1,0,0,1,2021/07/08,6,0,0,1,0,1,1,1,0,34.542,36.771
21,50yil,699000,220,180,4,12,2,1,3,0,2021/07/08,6,0,0,0,0,0,0,1,0,34.569,36.798
22,cumhuriyet,520000,130,110,2,15,2,1,1,0,2021/07/08,0,0,0,0,0,1,0,1,0,34.602,36.789
23,ciftlikkoy,340000,120,110,8,9,1,0,1,1,2021/07/08,4,0,0,0,0,1,1,1,0,34.546,36.770
24,gazi,275000,110,90,3,7,1,1,2,1,2021/07/08,8,0,0,1,0,1,0,1,0,34.604,36.783
25,ciftlikkoy,365000,100,80,4,8,1,1,1,1,2021/07/08,6,0,0,0,1,0,0,1,0,34.545,36.773
26,batikent,825000,200,185,8,13,2,1,3,0,2021/07/08,6,0,0,0,1,0,0,1,0,34.559,36.782
27,mentes,550000,180,150,1,10,2,1,2,0,2021/07/08,6,0,0,0,1,0,0,1,0,34.573,36.787
28,barbaros,450000,150,140,5,10,1,0,2,0,2021/07/08,8,0,0,1,0,0,0,1,0,34.575,36.784
29,hurriyet,220000,60,55,4,4,1,1,0,1,2021/07/08,3,0,0,0,1,0,1,1,1,34.597,36.792
30,guvenevler,355000,150,130,1,10,1,0,2,0,2021/07/08,8,0,0,0,1,0,0,1,0,34.589,36.791
31,aydinlikevler,250000,125,105,0,3,1,0,1,1,2021/07/08,7,1,1,0,1,0,0,1,0,34.582,36.780
32,batikent,700000,170,140,2,11,2,2,2,0,2021/07/08,0,0,0,0,0,1,0,1,0,34.556,36.780
33,barbaros,880000,220,190,5,8,2,1,3,0,2021/07/08,6,0,0,0,1,0,0,1,0,34.571,36.786
34,akkent,338000,85,70,7,7,1,0,1,0,2021/07/08,2,0,0,0,0,1,0,1,0,34.558,36.777
35,mentes,315000,95,90,1,3,1,0,1,1,2021/07/08,1,0,0,1,1,0,0,1,0,34.573,36.786
36,mentes,450000,220,180,10,10,2,1,2,0,2021/07/08,6,0,0,0,1,0,0,1,0,34.571,36.790
37,dumlupinar,160000,50,45,1,4,1,0,0,1,2021/07/08,3,0,0,1,0,1,1,1,0,34.584,36.779
38,hurriyet,310000,95,88,2,4,1,1,1,1,2021/07/08,2,0,0,1,0,1,0,1,0,34.601,36.792
39,50yil,799000,198,150,7,10,2,1,2,0,2021/07/08,0,0,0,0,1,0,0,1,0,34.563,36.806
40,ciftlikkoy,220000,60,50,2,13,1,0,0,0,2021/07/08,0,0,0,1,1,1,0,1,0,34.538,36.774
41,batikent,700000,125,115,3,8,2,1,1,1,2021/07/08,0,0,0,0,0,1,0,1,0,34.554,36.784
42,aydinlikevler,250000,155,130,1,6,1,0,2,1,2021/07/08,8,0,1,1,0,1,0,1,0,34.579,36.780
43,gazi,295000,185,140,3,4,1,0,2,1,2021/07/08,9,0,0,0,0,1,0,1,0,34.601,36.784
44,pirireis,875000,200,180,7,7,1,1,2,1,2021/07/08,11,0,0,0,0,1,0,0,0,34.611,36.783
45,fuatmorel,940000,185,140,8,15,2,1,2,0,2021/07/08,6,0,0,0,1,0,0,1,0,34.562,36.815
46,50yil,748000,200,180,3,12,2,1,2,0,2021/07/08,6,0,0,0,1,0,0,1,0,34.572,36.804
47,guvenevler,550000,170,130,10,10,2,1,2,1,2021/07/08,7,0,0,0,0,1,0,1,0,34.592,36.789
48,guvenevler,750000,280,240,2,11,2,1,3,1,2021/07/08,8,0,0,0,0,0,0,1,0,34.593,36.788
49,dumlupinar,395000,190,150,2,5,1,0,2,1,2021/07/08,9,0,1,0,0,1,0,1,0,34.583,36.778
50,guvenevler,375000,170,150,3,8,1,0,2,1,2021/07/08,9,0,0,0,0,1,1,1,0,34.593,36.783
51,akkent,325000,170,150,1,10,1,0,2,0,2021/07/08,8,0,0,1,0,1,0,1,0,34.556,36.768
52,50yil,2100000,310,260,10,20,2,2,4,0,2021/07/08,6,0,0,0,1,0,0,1,0,34.580,36.795
53,50yil,800000,150,120,6,10,2,1,2,0,2021/07/08,0,0,0,0,0,0,0,1,0,34.570,36.802
54,barbaros,1390000,180,150,3,8,2,1,2,1,2021/07/08,10,0,0,0,1,0,0,0,0,34.573,36.774
55,ciftlikkoy,159000,60,50,0,3,1,0,0,1,2021/07/08,6,1,1,1,0,1,1,1,0,34.538,36.780
56,limonluk,930000,200,185,4,14,2,1,3,0,2021/07/09,7,0,0,0,1,0,0,1,0,34.591,36.802
57,cumhuriyet,629000,200,170,3,12,1,0,2,1,2021/07/08,8,0,0,1,1,0,1,1,0,34.602,36.789
58,ciftlikkoy,315000,90,75,5,8,1,1,1,1,2021/07/08,0,0,0,0,0,1,1,1,0,34.535,36.774
59,pirireis,335000,180,150,4,4,2,1,3,1,2021/07/08,8,0,1,1,1,0,1,1,0,34.612,36.787
60,palmiye,390000,160,140,2,5,1,1,2,1,2021/07/08,8,0,1,1,1,0,1,0,0,34.607,36.782
61,hurriyet,350000,170,140,3,3,1,0,2,1,2021/07/08,6,0,1,1,0,1,0,1,0,34.598,36.790
62,hurriyet,260000,135,125,1,4,2,0,2,1,2021/07/08,11,0,1,0,1,1,1,1,0,34.599,36.791
63,batikent,850000,190,180,3,12,2,1,2,0,2021/07/10,6,0,0,1,1,0,1,1,0,34.557,36.785
64,batikent,700000,180,170,6,11,2,1,2,0,2021/07/10,6,0,0,1,1,0,1,1,0,34.561,36.786
65,limonluk,850000,230,170,14,14,2,0,3,0,2021/07/13,6,0,0,1,0,1,1,1,0,34.598,36.800
66,limonluk,700000,180,149,5,7,2,1,2,1,2021/07/13,7,0,0,1,1,0,1,1,0,34.592,36.799
67,50yil,1450000,180,150,10,12,2,2,2,0,2021/07/13,4,0,0,1,1,0,1,1,0,34.575,36.801
68,50yil,1500000,230,170,1,13,2,2,3,0,2021/07/13,6,0,0,1,1,0,1,1,0,34.572,36.802
69,50yil,1200000,240,210,8,11,2,2,3,0,2021/07/13,6,0,0,1,1,0,1,1,0,34.571,36.798
70,fuatmorel,1350000,275,165,14,14,2,1,2,0,2021/07/13,6,0,0,1,0,1,1,1,0,34.575,36.810
71,50yil,730000,150,130,3,12,2,1,2,0,2021/07/13,0,0,0,1,1,1,1,1,0,34.566,36.803
72,50yil,1100000,220,160,7,13,2,2,3,0,2021/07/13,0,0,0,1,1,1,1,1,0,34.575,36.799
73,limonluk,575000,175,149,2,8,2,1,2,0,2021/07/13,6,0,0,1,1,1,0,1,0,34.590,36.798
74,fuatmorel,1650000,260,200,6,14,2,1,3,0,2021/07/13,6,0,0,1,0,1,1,1,0,34.580,36.808
75,50yil,800000,170,150,6,10,2,2,2,1,2021/07/13,0,0,0,1,1,1,1,1,0,34.571,36.805
76,50yil,1050000,220,190,6,11,2,1,3,0,2021/07/13,4,0,0,1,1,0,1,1,0,34.569,36.807
77,50yil,815000,160,130,2,8,2,1,2,0,2021/07/13,1,0,0,1,1,0,1,1,0,34.571,36.799
78,limonluk,1350000,300,250,6,7,2,1,4,0,2021/07/13,6,0,0,1,0,1,1,1,0,34.584,36.796
79,50yil,799000,200,148,6,6,2,2,2,0,2021/07/13,0,0,0,1,1,0,1,1,0,34.569,36.803
80,50yil,1340000,210,180,6,13,2,2,3,0,2021/07/13,0,0,0,1,0,1,1,0,0,34.563,36.799
81,50yil,750000,200,142,7,8,2,1,2,1,2021/07/13,0,0,0,1,1,1,1,1,0,34.577,36.804
82,fuatmorel,1370000,220,170,5,11,2,1,3,0,2021/07/13,0,0,0,1,0,1,1,1,0,34.583,36.810
83,limonluk,475000,120,110,1,10,2,1,1,0,2021/07/13,4,0,0,0,1,0,1,1,0,34.588,36.802
84,50yil,555000,140,115,2,4,2,1,2,0,2021/07/13,0,0,0,1,1,1,0,1,0,34.562,36.801
85,limonluk,760000,205,196,3,12,2,1,2,0,2021/07/13,6,0,0,1,0,1,1,1,0,34.582,36.796
86,50yil,750000,150,135,5,6,2,1,2,1,2021/07/13,1,0,0,1,1,0,1,1,0,34.573,36.796
87,ciftlikkoy,265000,80,65,4,8,1,0,0,1,2021/08/25,6,1,1,0,0,1,1,1,0,34.538,36.772
88,batikent,799000,220,150,6,8,2,1,2,1,2021/08/25,5,1,1,1,1,0,1,1,0,34.556,36.782
89,egricam,1950000,260,230,10,12,2,1,3,0,2020/08/25,7,0,0,0,0,1,0,0,0,34.570,36.773
90,akkent,349000,60,50,3,7,1,1,0,0,2021/08/25,0,0,0,1,1,0,0,1,0,34.549,36.783
91,batikent,158000,90,70,0,3,1,0,1,1,2021/08/25,4,0,1,0,0,1,1,1,0,34.560,36.783
92,batikent,520000,135,100,4,8,2,1,1,1,2021/08/25,1,0,0,0,1,0,0,1,0,34.553,36.782
93,akkent,690000,195,170,2,18,2,1,2,1,2021/08/25,6,0,0,0,0,1,0,1,0,34.559,36.770
94,akkent,370000,155,130,3,9,1,0,2,0,2021/08/25,6,0,0,0,0,1,1,1,0,34.557,36.770
95,akkent,410000,200,105,1,4,1,1,1,0,2021/08/26,5,0,0,1,0,0,0,0,0,34.557,36.767
96,akkent,527000,135,120,4,6,1,1,2,0,2021/08/26,7,0,0,0,0,1,1,1,0,34.559,36.768
97,mentes,1400000,220,185,6,14,2,2,3,0,2021/08/14,6,0,0,0,1,0,0,1,0,34.574,36.788
98,mentes,320000,190,165,2,3,1,0,2,1,2021/08/04,9,0,0,1,0,0,0,1,0,34.573,36.787
99,mentes,275000,65,64,2,3,1,1,0,1,2021/08/05,2,0,0,0,1,0,1,1,0,34.573,36.788
100,mentes,825000,165,147,2,8,2,1,2,0,2021/08/23,2,0,0,0,0,1,0,1,0,34.572,36.787
101,mentes,855000,210,170,9,9,2,1,3,0,2021/08/14,6,0,0,0,1,0,0,1,0,34.572,36.786
102,mentes,650000,120,105,6,8,2,1,1,1,2021/07/28,0,0,0,0,1,0,0,1,0,34.572,36.787
103,mentes,665000,160,140,1,7,2,1,2,0,2021/08/17,3,0,0,0,1,0,0,1,0,34.573,36.789
104,mentes,950000,190,145,8,12,2,1,2,0,2021/08/10,0,0,0,0,1,0,0,1,0,34.574,36.789
105,mentes,1250000,300,290,2,13,2,1,3,0,2021/07/29,6,0,0,0,0,1,0,1,0,34.572,36.788
106,mentes,465000,180,149,3,6,1,0,2,0,2021/08/09,7,0,0,0,1,0,0,1,0,34.573,36.787
107,mentes,940000,185,160,5,10,2,2,2,0,2021/08/02,0,0,0,0,1,0,0,1,0,34.573,36.786
113,mentes,1500000,285,175,2,12,2,1,4,0,2021/08/12,0,0,0,0,1,0,0,1,0,34.573,36.786
108,mentes,660000,130,105,5,11,2,1,1,1,2021/08/04,0,0,0,0,1,0,0,1,0,34.574,36.786
109,mentes,400000,89,54,4,10,1,0,0,0,2021/08/08,0,0,0,1,0,1,0,1,0,34.574,36.787
110,mentes,680000,230,210,4,10,2,1,3,1,2021/07/29,7,0,0,0,1,0,0,1,0,34.574,36.787
111,mentes,1150000,205,165,11,12,2,1,2,1,2021/07/30,6,0,0,0,0,1,0,1,0,34.574,36.787
112,mentes,505000,170,160,3,6,1,1,2,0,2021/06/09,7,0,0,0,0,1,0,1,0,34.573,36.786
114,mentes,500000,100,85,4,9,1,0,1,0,2021/07/28,0,0,0,0,0,0,0,1,0,34.575,36.786
115,mentes,595000,220,160,1,10,2,1,3,0,2021/08/20,6,0,0,0,1,0,0,1,0,34.575,36.786
116,mentes,650000,220,200,2,2,1,0,2,1,2021/08/26,6,0,1,0,1,1,0,1,1,34.574,36.785
117,mentes,500000,160,140,1,8,2,1,2,0,2021/08/23,6,0,0,0,1,0,0,1,0,34.573,36.785
118,mentes,875000,180,160,4,9,2,1,2,0,2021/08/24,1,0,0,0,1,0,0,1,0,34.570,36.786
119,mentes,545000,185,150,4,10,2,1,2,0,2021/08/12,8,0,0,0,1,0,0,1,0,34.571,36.785
120,mentes,1025000,260,230,12,13,2,1,3,1,2021/07/29,7,0,0,0,1,0,0,0,0,34.571,36.785
121,mentes,780000,170,150,3,5,2,1,2,0,2021/08/11,3,0,0,0,1,0,0,1,0,34.572,36.786
122,mentes,875000,215,190,3,11,2,1,2,0,2021/08/14,6,0,0,0,0,1,0,1,0,34.571,36.785
123,mentes,1070000,210,170,8,13,2,1,2,0,2021/08/17,4,0,0,0,0,1,0,1,0,34.570,36.785
124,mentes,625000,150,140,2,9,1,0,2,1,2021/08/18,7,0,0,0,0,1,0,1,0,34.570,36.784
125,mentes,800000,175,150,1,12,2,1,3,0,2021/08/02,6,0,0,0,1,0,0,1,0,34.570,36.784
126,mentes,650000,180,145,1,12,2,1,2,1,2021/08/26,6,0,0,0,1,0,0,1,0,34.570,36.786
127,mentes,835000,185,150,11,11,2,1,3,0,2021/08/08,6,0,0,0,1,0,0,1,0,34.570,36.787
128,mentes,840000,220,180,10,11,2,2,3,1,2021/05/24,6,0,0,0,0,1,0,1,0,34.569,36.786
129,mentes,528000,198,142,1,8,2,1,2,0,2021/08/12,6,0,0,0,1,0,0,1,0,34.569,36.786
130,mentes,269000,65,55,2,4,1,1,0,1,2021/08/12,4,0,0,0,0,1,1,1,0,34.569,36.785
131,mentes,795000,230,150,1,12,2,1,3,0,2021/08/16,6,0,0,0,1,0,0,1,0,34.568,36.784
132,mentes,700000,200,150,8,10,1,1,2,0,2021/08/24,7,0,0,0,1,0,0,1,0,34.568,36.784
133,mentes,290000,180,150,0,3,1,0,3,1,2021/08/19,9,0,0,0,1,0,0,1,0,34.567,36.785
134,mentes,270000,65,55,2,4,1,1,0,1,2021/08/01,4,0,0,0,1,0,1,1,0,34.567,36.784
135,mentes,745000,195,160,2,13,2,1,2,0,2021/08/06,6,0,0,0,1,1,0,1,0,34.569,36.784
136,mentes,279000,65,65,1,4,1,1,0,1,2021/07/31,1,0,0,1,0,1,1,1,0,34.568,36.783
137,mentes,505000,180,160,5,10,1,1,2,1,2021/08/03,8,0,0,0,1,0,0,1,0,34.569,36.783
138,mentes,250000,110,100,0,5,1,1,1,1,2021/07/29,6,0,0,1,1,1,0,1,1,34.569,36.782
139,mentes,585000,200,160,6,2,3,0,2,1,2021/08/19,6,0,0,0,0,1,0,1,0,34.570,36.782
140,mentes,790000,210,160,7,9,3,1,3,1,2021/08/19,7,0,0,0,0,0,0,1,0,34.576,36.787
141,mentes,780000,190,160,2,7,2,1,2,0,2021/07/28,6,0,0,0,1,0,0,1,0,34.576,36.789
142,mentes,470000,160,140,5,11,1,0,2,0,2021/08/10,7,0,0,0,0,1,0,1,0,34.577,36.789
143,mentes,475000,185,170,4,4,2,1,2,0,2021/08/09,6,0,0,0,0,1,0,1,0,34.576,36.787
144,mentes,550000,220,180,6,8,2,0,3,1,2021/07/30,7,0,0,0,0,1,0,1,0,34.578,36.790
145,mentes,860000,210,170,9,9,2,1,3,0,2021/08/10,6,0,0,0,1,0,0,1,0,34.578,36.787
146,mentes,385000,185,150,2,3,1,1,2,1,2021/08/19,7,0,1,0,1,0,0,1,0,34.579,36.788
147,mentes,950000,180,155,7,10,2,2,2,0,2021/08/25,0,0,0,0,1,0,0,1,0,34.579,36.787
148,mentes,780000,220,165,6,10,2,1,3,0,2021/07/30,6,0,0,0,0,1,0,1,0,34.580,36.787
149,mentes,590000,160,150,8,10,1,1,2,0,2021/08/12,8,0,0,0,1,0,0,1,0,34.578,36.786
150,mentes,625000,220,185,6,6,2,1,2,1,2021/08/19,7,0,0,0,1,0,0,1,0,34.577,36.786
151,mentes,555000,170,140,2,9,2,1,2,0,2021/08/23,7,0,0,0,0,1,0,1,0,34.577,36.786
152,mentes,519000,185,150,4,9,2,0,2,0,2021/08/20,8,0,0,0,1,0,0,1,0,34.581,36.786
153,mentes,450000,80,70,3,4,1,1,1,1,2021/08/21,0,0,0,1,0,1,0,1,0,34.580,36.789
154,mentes,300000,70,50,3,9,1,2,0,0,2021/08/02,0,0,0,1,0,1,0,1,0,34.580,36.789
155,mentes,485000,175,160,7,10,1,0,2,0,2021/07/30,8,0,0,0,0,1,0,1,0,34.581,36.789
156,mentes,695000,200,160,2,8,2,1,2,0,2021/08/11,6,0,0,0,1,0,0,1,0,34.580,36.790
157,mentes,950000,220,180,1,12,2,1,3,1,2021/08/21,7,0,0,0,1,0,0,1,0,34.578,36.790
158,mentes,1000000,210,185,4,12,2,1,3,0,2021/06/19,6,0,0,0,0,1,0,1,0,34.581,36.792
159,mentes,720000,220,200,6,11,2,2,3,0,2021/08/11,6,0,0,0,1,0,0,1,0,34.582,36.791
160,mentes,1000000,180,150,7,7,2,1,2,0,2021/08/09,6,0,0,0,0,1,0,1,0,34.581,36.792
161,mentes,1200000,175,150,6,15,2,1,3,0,2021/08/20,0,0,0,0,1,0,0,1,0,34.581,36.791
162,mentes,875000,240,207,1,11,2,1,3,0,2021/08/02,7,0,0,0,0,1,0,1,0,34.575,36.791
163,mentes,500000,100,75,6,8,1,0,1,0,2021/08/11,0,0,0,0,0,1,0,1,0,34.575,36.790
164,mentes,778000,180,150,2,8,2,1,2,1,2021/07/29,6,0,0,0,1,0,0,1,0,34.575,36.791
165,mentes,660000,140,100,9,11,2,1,1,1,2021/08/18,0,0,0,1,1,1,0,1,1,34.577,36.791
166,mentes,920000,200,160,4,8,2,1,3,0,2021/08/10,1,0,0,1,0,0,0,1,0,34.576,36.792
167,mentes,850000,220,200,4,6,2,1,3,0,2021/08/26,2,0,0,0,0,0,0,1,0,34.575,36.792
168,mentes,680000,190,160,2,9,2,0,3,0,2021/08/18,6,0,0,0,0,0,0,1,0,34.574,36.792
169,mentes,420000,170,145,8,14,1,1,2,1,2021/08/09,8,0,0,0,1,0,0,1,0,34.572,36.791
170,mentes,550000,110,100,7,7,2,1,1,1,2021/08/12,4,0,0,0,1,0,0,1,0,34.571,36.791
171,mentes,650000,200,170,11,15,1,1,2,0,2021/07/28,7,0,0,0,0,1,0,1,0,34.569,36.791
172,mentes,800000,195,130,1,2,1,0,2,1,2021/08/07,10,0,1,0,0,0,0,1,0,34.572,36.790
173,mentes,515000,185,165,4,9,1,0,2,0,2021/08/04,8,0,0,0,1,0,0,1,0,34.571,36.789
174,mentes,750000,175,150,6,12,2,1,2,1,2021/08/15,4,0,0,0,1,0,0,1,0,34.569,36.789
175,mentes,470000,170,140,1,8,2,1,2,1,2021/07/31,6,0,0,0,1,0,1,1,0,34.568,36.789
176,mentes,850000,175,150,3,10,2,1,2,1,2021/08/26,1,0,0,0,0,0,0,1,0,34.566,36.787
177,mentes,669000,195,145,12,13,1,1,2,0,2021/08/27,7,0,0,0,0,1,0,1,0,34.566,36.787
178,mentes,580000,110,90,2,6,2,1,1,1,2021/08/09,3,0,0,0,1,0,0,1,0,34.566,36.786
179,mentes,690000,130,110,5,11,2,1,2,1,2021/07/28,0,0,0,0,1,0,0,1,0,34.567,36.787
180,mentes,880000,160,120,10,15,2,2,2,0,2021/07/30,1,0,0,0,0,1,0,1,0,34.569,36.788
181,mentes,749000,160,140,4,8,2,1,2,0,2021/08/25,0,0,0,0,0,0,0,1,0,34.566,36.788
182,mentes,545000,140,130,2,3,2,1,2,1,2021/07/29,0,0,0,0,1,0,0,1,0,34.570,36.789
183,mentes,1300000,200,180,5,12,2,1,3,0,2021/08/23,0,0,0,0,0,0,0,1,0,34.569,36.790
184,mentes,400000,140,120,1,9,1,1,1,1,2021/08/09,2,0,0,0,1,0,0,1,0,34.568,36.791
185,mentes,1000000,220,150,6,22,2,1,3,1,2021/08/14,2,0,0,0,0,1,0,1,0,34.564,36.790
186,mentes,855000,240,170,6,6,2,1,2,1,2021/08/18,4,0,0,0,0,1,0,1,0,34.564,36.791
187,mentes,380000,90,80,1,5,1,1,1,1,2021/08/09,0,0,0,0,1,0,1,1,0,34.567,36.791
188,mentes,335000,145,120,3,4,1,0,2,0,2021/08/12,8,0,1,0,0,1,0,1,0,34.569,36.793
238,gazi,254000,150,135,3,7,1,0,2,1,2021/09/02,11,0,1,1,0,1,0,1,0,34.604,36.785
214,gazi,275000,110,90,3,7,1,1,2,1,2021/07/08,8,0,0,1,0,1,0,0,0,34.604,36.783
220,gazi,295000,185,140,3,4,1,0,2,1,2021/07/08,9,0,0,0,0,1,0,0,0,34.600,36.784
190,gazi,375000,180,155,3,7,1,1,2,1,2021/08/04,9,0,0,0,0,1,1,1,0,34.603,36.785
191,gazi,295000,110,90,7,7,1,0,1,1,2021/06/20,11,0,0,0,0,1,1,1,0,34.603,36.785
192,gazi,400000,130,120,4,4,1,0,2,1,2021/08/28,10,0,0,0,0,0,1,1,0,34.604,36.784
193,gazi,265000,190,150,7,7,2,1,2,1,2021/08/08,10,0,0,0,,0,0,1,0,34.602,36.783
194,gazi,280000,100,90,0,4,1,0,2,1,2021/08/06,11,0,1,1,1,0,0,1,0,34.601,36.784
195,gazi,210000,140,125,3,3,1,0,2,1,2021/08/06,10,0,1,1,0,0,0,1,0,34.603,36.785
196,gazi,425000,240,200,2,4,2,2,4,1,2021/08/14,10,0,1,1,0,0,0,1,0,34.600,36.783
197,gazi,242000,110,90,0,4,1,0,1,1,2021/08/17,9,0,1,0,0,1,0,1,0,34.601,36.784
198,gazi,750000,300,250,7,7,2,0,4,1,2021/08/06,8,9,0,0,1,1,0,0,0,34.601,36.783
199,gazi,285000,190,145,4,4,2,0,2,1,2021/08/13,8,0,1,0,0,1,0,1,0,34.600,36.783
200,gazi,329000,160,140,1,4,1,1,2,0,2021/08/14,8,0,1,0,0,0,1,1,0,34.601,36.784
201,gazi,175000,120,110,1,8,1,0,1,0,2021/08/21,7,0,0,1,1,0,0,1,0,34.603,36.783
202,gazi,265000,160,150,3,3,1,0,2,1,2021/09/01,9,0,1,1,0,1,1,1,0,34.603,36.783
249,gazi,529000,160,140,4,7,1,0,2,1,2021/08/05,9,0,0,1,1,0,0,1,0,34.603,36.783
203,gazi,193000,120,110,1,7,1,0,2,1,2021/08/12,9,0,1,1,0,1,1,1,0,34.603,36.784
204,gazi,310000,120,110,5,7,1,0,2,1,2021/08/18,11,0,0,1,1,1,1,1,0,34.602,36.783
189,gazi,2350000,245,195,7,7,2,1,3,1,2021/09/02,9,0,0,0,1,0,0,1,0,34.604,36.781
205,gazi,275000,135,110,4,4,1,0,1,1,2021/08/13,11,0,1,1,0,0,0,1,0,34.603,36.782
206,gazi,350000,265,130,4,4,1,0,1,1,2021/08/30,9,0,1,0,1,0,0,1,0,34.603,36.782
207,gazi,265000,170,160,4,4,1,0,2,1,2021/08/19,9,0,1,0,1,0,0,1,0,34.603,36.783
208,gazi,410000,140,110,4,4,1,0,1,1,2021/08/27,10,0,1,0,1,1,0,1,0,34.604,36.782
209,gazi,375000,180,140,3,3,1,0,2,1,2021/08/20,5,0,1,1,1,0,0,1,0,34.604,36.782
210,gazi,315000,130,11,2,4,1,0,2,0,2021/08/27,8,0,0,0,0,0,1,1,0,34.604,36.782
211,gazi,295000,165,150,4,4,1,0,2,1,2021/08/20,9,0,1,0,1,0,1,1,0,34.605,36.781
250,gazi,240000,140,130,3,3,1,0,2,1,2021/09/01,9,0,1,1,1,0,0,1,0,34.606,36.781
212,gazi,350000,150,130,3,3,2,0,2,1,2021/08/26,5,0,1,0,1,0,1,1,0,34.606,36.782
213,gazi,280000,200,170,4,5,1,0,2,1,2021/08/04,9,0,1,0,1,0,0,0,0,34.603,36.782
215,gazi,275000,170,130,3,3,1,0,2,1,2021/09/02,9,0,1,1,0,1,1,1,0,34.603,36.781
215,gazi,1000000,220,200,13,14,2,1,3,1,2021/08/29,8,0,0,0,0,1,0,0,0,34.603,36.784
217,gazi,223000,130,120,2,7,1,0,2,0,2021/08/12,9,0,0,1,0,1,1,1,0,34.603,36.784
216,gazi,318000,140,120,3,4,1,0,2,1,2021/08/12,9,0,1,0,1,1,0,1,1,34.601,36.783
219,gazi,600000,220,180,11,11,2,0,3,1,2021/08/16,11,0,0,0,1,0,0,0,0,34.601,36.784
218,gazi,275000,145,125,3,3,1,0,2,1,2021/09/02,9,0,1,1,0,1,1,1,0,34.602,36.783
226,gazi,1850000,350,350,18,18,3,1,4,1,2021/08/05,8,0,0,0,0,0,0,0,0,34.603,36.781
247,gazi,440000,220,180,8,8,1,0,2,1,2021/08/25,5,0,0,0,0,1,1,0,0,34.601,36.784
227,gazi,310000,120,105,3,4,1,0,2,1,2021/07/07,11,0,1,0,1,0,0,1,0,34.601,36.784
243,gazi,335000,160,140,2,4,1,0,2,1,2021/08/13,9,0,1,1,0,0,0,1,0,34.601,36.784
221,gazi,265000,195,175,7,7,2,1,2,1,2021/08/12,9,0,0,1,0,0,0,1,0,34.600,36.784
222,gazi,290000,240,190,4,4,1,0,2,0,2021/08/09,8,0,1,1,0,0,0,1,0,34.600,36.783
241,gazi,450000,90,70,1,4,1,1,1,1,2021/08/30,3,0,1,1,0,1,0,1,0,34.600,36.783
223,gazi,380000,165,145,1,5,1,1,2,1,2021/09/02,9,0,0,0,0,1,0,1,0,34.602,36.782
224,gazi,395000,165,140,3,3,1,1,2,1,2021/08/30,9,0,1,1,0,0,1,1,0,34.600,36.783
245,gazi,375000,175,140,3,3,1,1,2,1,2021/09/02,8,9,1,0,0,0,1,1,0,34.599,36.784
225,gazi,290000,130,110,5,5,1,1,2,1,2021/08/04,10,0,1,0,1,0,0,1,0,34.599,36.784
242,gazi,259000,140,130,2,6,1,0,2,1,2021/08/26,9,0,1,0,0,0,1,1,0,34.599,36.782
236,gazi,495000,220,200,5,5,1,0,3,1,2021/08/05,8,0,0,0,0,1,1,1,0,34.599,36.781
231,gazi,649000,220,200,1,5,2,2,3,1,2021/09/01,10,0,1,0,0,0,0,1,0,34.599,36.781
233,gazi,320000,180,155,4,4,1,1,2,1,2021/08/18,9,0,1,0,0,1,0,1,0,34.599,36.781
234,gazi,400000,160,130,0,4,1,0,2,1,2021/08/27,10,0,1,1,0,0,0,1,0,34.599,36.782
239,gazi,390000,180,150,3,3,1,1,2,1,2021/08/17,9,0,1,0,0,0,1,1,0,34.599,36.782
235,gazi,295000,180,150,3,3,1,1,2,1,2021/08/27,9,0,1,1,0,0,0,1,0,34.598,36.782
237,gazi,400000,165,140,3,3,1,1,2,1,2021/08/24,10,0,1,0,1,0,0,1,0,34.599,36.782
240,gazi,280000,240,140,5,5,1,0,2,1,2021/08/15,11,0,1,1,0,0,0,1,1,34.598,36.782
228,gazi,255000,160,135,3,4,1,0,2,1,2021/09/02,8,0,1,0,0,1,0,1,1,34.598,36.782
246,gazi,365000,180,155,3,7,1,1,2,1,2021/08/28,9,0,1,0,0,1,1,1,1,34.598,36.783
229,gazi,510000,100,80,3,4,1,1,1,1,2021/09/01,3,0,0,1,0,1,0,1,0,34.598,36.783
244,gazi,240000,110,90,3,5,1,0,1,1,2021/06/12,11,0,1,0,1,1,0,1,0,34.599,36.783
232,gazi,229000,131,130,1,7,1,0,2,1,2021/08/16,9,0,0,1,0,1,0,1,0,34.599,36.782
230,gazi,310000,150,135,1,4,1,0,2,1,2021/08/06,10,0,1,0,0,0,1,1,0,34.599,36.783
251,hurriyet,275000,155,145,3,6,1,0,2,1,2021/08/31,11,0,1,1,1,0,0,1,0,34.602,36.798
252,hurriyet,755000,220,200,3,6,2,1,3,0,2021/08/28,7,0,0,0,1,0,0,1,0,34.601,36.798
253,hurriyet,579000,220,140,7,8,2,1,2,1,2021/08/06,0,0,0,0,0,0,0,1,0,34.600,36.796
254,hurriyet,269000,160,145,7,11,1,0,2,0,2021/08/10,9,0,0,0,1,0,0,1,0,34.602,36.797
255,hurriyet,289000,135,125,6,6,1,1,2,1,2021/08/27,9,0,1,0,1,0,0,1,0,34.602,36.797
256,hurriyet,750000,220,160,1,8,2,1,2,0,2021/08/23,7,0,0,0,1,0,0,1,0,34.601,36.796
257,hurriyet,640000,180,150,1,13,1,2,2,1,2021/08/23,5,0,0,0,0,0,1,1,0,34.603,36.796
258,hurriyet,665000,220,190,4,6,2,2,3,1,2021/08/26,7,0,0,0,0,1,0,1,0,34.603,36.796
259,hurriyet,754000,220,200,3,6,2,1,3,1,2021/09/02,7,0,0,0,1,0,0,1,0,34.603,36.796
260,hurriyet,645000,200,199,6,7,2,1,2,0,2021/08/18,5,0,0,0,0,0,1,1,0,34.602,36.796
261,hurriyet,657000,200,170,4,12,2,1,2,1,2021/08/15,7,0,0,0,0,0,1,1,0,34.602,36.796
262,hurriyet,560000,180,179,3,7,2,1,2,0,2021/08/12,5,0,0,0,0,1,0,1,0,34.603,36.795
263,hurriyet,515000,230,185,2,7,1,1,2,1,2021/09/01,7,0,0,0,0,1,0,1,0,34.603,36.795
265,hurriyet,345000,110,85,3,4,1,0,1,1,2021/08/20,3,0,1,1,1,0,0,1,1,34.605,36.796
264,hurriyet,350000,100,80,1,4,2,1,1,0,2021/08/13,4,0,0,1,0,1,0,1,0,34.602,36.795
266,hurriyet,315000,170,169,2,5,1,0,2,0,2021/08/18,9,0,1,1,0,0,0,1,0,34.602,36.795
267,hurriyet,650000,320,280,3,3,3,2,5,1,2021/05/17,9,0,1,0,0,1,0,1,0,34.606,36.795
268,hurriyet,660000,225,190,15,15,3,1,4,0,2021/08/25,5,0,0,0,0,0,0,1,0,34.604,36.795
269,hurriyet,799000,200,199,2,6,2,1,2,0,2021/08/10,5,0,0,0,1,0,0,1,0,34.603,36.794
270,hurriyet,564000,194,149,7,15,2,1,2,0,2021/08/23,7,0,0,0,1,0,0,0,0,34.604,36.794
271,hurriyet,760000,220,160,1,8,2,1,2,1,2021/08/21,7,0,0,0,1,0,0,1,0,34.604,36.793
272,hurriyet,495000,185,170,9,16,1,1,2,0,2021/09/01,8,0,0,0,0,0,0,1,0,34.604,36.793
273,hurriyet,400000,90,80,0,3,1,1,1,1,2021/08/17,0,0,1,1,0,0,0,1,0,34.604,36.793
274,hurriyet,550000,215,175,10,10,1,2,2,1,2021/08/30,7,0,0,0,1,0,0,1,0,34.605,36.793
275,hurriyet,900000,211,90,1,1,1,0,1,1,2021/08/12,10,0,1,1,0,0,0,1,0,34.605,36.793
276,hurriyet,479000,190,150,1,4,2,0,2,1,2021/08/05,7,0,0,0,1,0,0,1,0,34.604,36.793
277,hurriyet,469000,160,159,5,15,1,0,2,0,2021/08/14,8,0,0,0,1,0,0,1,0,34.604,36.793
278,hurriyet,380000,90,80,2,3,1,0,1,1,2021/08/22,0,0,0,1,0,0,0,1,0,34.603,36.793
279,hurriyet,355000,130,103,2,5,1,1,1,0,2021/08/08,5,0,0,1,0,1,1,1,0,34.603,36.794
280,hurriyet,385000,165,150,0,4,1,0,3,1,2021/08/24,5,0,1,0,1,0,0,1,0,34.603,36.793
281,hurriyet,495000,170,140,11,15,1,0,2,0,2021/06/08,7,0,1,0,1,0,0,1,0,34.604,36.792
282,hurriyet,235000,50,45,1,4,1,0,0,0,2021/08/11,0,0,0,1,0,1,1,1,0,34.603,36.793
284,hurriyet,345000,70,60,4,4,1,0,1,1,2021/08/17,4,0,0,0,0,1,1,1,0,34.602,36.792
285,hurriyet,385000,135,130,3,5,1,0,2,0,2021/08/26,7,0,0,1,1,0,0,1,0,34.603,36.793
286,hurriyet,375000,230,200,12,12,1,1,2,0,2021/08/29,8,0,0,0,1,1,0,1,0,34.602,36.793
287,hurriyet,410000,95,85,3,4,1,1,1,1,2021/08/07,0,0,0,1,0,0,0,1,0,34.602,36.792
288,hurriyet,380000,100,90,3,3,1,0,1,1,2021/08/31,0,0,0,1,0,0,0,1,0,34.602,36.793
289,hurriyet,329000,130,129,2,3,1,0,1,0,2021/08/28,5,0,0,1,0,0,1,1,0,34.602,36.793
290,hurriyet,360000,100,85,2,4,1,1,1,0,2021/08/09,4,0,0,1,0,1,0,1,0,34.603,36.792
291,hurriyet,197000,60,55,0,4,1,0,0,1,2021/08/05,5,0,0,0,0,1,1,1,0,34.604,36.792
292,hurriyet,375000,95,75,2,5,1,1,1,0,2021/08/06,5,0,0,1,0,1,1,1,0,34.603,36.793
293,hurriyet,430000,130,110,2,3,1,1,1,1,2021/08/04,4,0,0,1,1,0,0,1,0,34.601,36.793
294,hurriyet,350000,110,95,1,4,2,0,1,0,2021/08/10,0,0,0,0,0,1,0,1,0,34.600,36.790
315,hurriyet,300000,175,160,3,4,1,0,2,1,2021/08/12,9,0,1,1,0,0,1,1,0,34.599,36.790
295,hurriyet,349000,120,90,4,4,1,1,1,0,2021/09/02,5,0,0,1,0,0,0,1,0,34.599,36.789
283,hurriyet,385000,165,150,1,4,1,0,3,1,2021/07/11,5,0,1,0,1,0,0,1,0,34.599,36.789
320,hurriyet,820000,220,200,10,11,1,1,2,0,2022/08/31,7,0,0,0,1,0,0,0,1,34.599,36.791
319,hurriyet,830000,230,180,6,12,1,1,3,0,2021/08/26,8,0,0,1,0,0,0,1,0,34.599,36.792
296,hurriyet,645000,230,180,4,12,1,1,3,0,2021/08/29,8,0,0,1,0,0,1,1,0,34.599,36.792
297,hurriyet,450000,135,110,2,3,1,0,1,1,2021/08/23,0,0,0,0,0,0,1,1,0,34.598,36.792
298,hurriyet,565000,170,150,6,15,1,1,2,0,2021/08/06,8,0,0,0,0,1,0,1,0,34.600,36.791
299,hurriyet,330000,165,140,3,3,1,1,2,1,2021/08/14,10,0,1,1,0,0,0,1,0,34.597,36.791
300,hurriyet,600000,200,150,4,4,2,1,3,1,2021/08/05,7,0,1,1,0,0,0,1,0,34.596,36.792
301,hurriyet,245000,165,140,3,4,1,0,2,1,2021/08/20,9,0,1,1,1,1,0,1,0,34.596,36.792
302,hurriyet,850000,220,165,9,10,1,1,2,0,2021/08/30,8,0,0,0,0,0,1,1,0,34.598,36.791
303,hurriyet,320000,125,110,2,4,1,1,1,1,2021/09/01,5,0,1,1,0,0,1,1,0,34.598,36.793
304,hurriyet,410000,110,85,2,4,1,1,1,1,2021/08/31,0,0,0,1,0,0,0,1,0,34.599,36.794
305,hurriyet,739000,175,150,4,13,2,1,2,0,2021/08/07,9,0,0,0,0,0,1,1,0,34.599,36.794
306,hurriyet,750000,220,160,1,8,2,1,2,0,2021/08/28,7,0,0,0,1,0,0,1,0,34.600,36.794
307,hurriyet,289000,140,130,0,3,1,1,1,1,2021/08/04,8,0,0,1,1,0,0,1,0,34.601,36.794
308,hurriyet,425000,120,90,2,4,1,1,1,1,2021/08/14,0,0,0,0,0,0,1,1,0,34.602,36.794
309,hurriyet,445000,175,140,1,6,1,1,2,0,2021/08/15,7,0,0,0,0,1,0,1,0,34.601,36.793
310,hurriyet,640000,200,155,6,7,2,1,2,0,2021/08/09,5,0,0,0,0,0,1,0,0,34.599,36.795
311,hurriyet,385000,160,145,3,4,1,1,2,1,2021/08/09,9,0,1,0,0,0,1,1,0,34.601,36.793
312,hurriyet,750000,240,210,4,12,1,0,3,1,2021/08/30,7,0,0,0,1,0,0,1,0,34.601,36.795
313,hurriyet,445000,180,140,1,8,1,0,2,1,2021/08/17,9,0,0,0,0,1,0,1,0,34.595,36.794
314,hurriyet,269000,65,55,1,3,1,1,0,1,2021/08/14,0,0,0,1,0,0,1,1,0,34.596,36.795
316,hurriyet,330000,150,130,10,10,1,1,1,0,2021/09/02,8,0,0,1,0,1,0,1,0,34.597,36.794
317,hurriyet,780000,240,220,1,12,2,1,3,0,2021/08/09,7,0,0,0,1,0,0,1,0,34.596,36.797
318,hurriyet,410000,95,85,2,3,1,1,1,1,2021/08/27,0,0,0,0,0,1,0,1,0,34.600,36.792
321,pirireis,312000,150,135,4,4,1,0,2,1,2021/08/07,10,0,0,0,0,0,1,1,0,34.612,36.787
322,pirireis,295000,135,120,2,5,1,0,2,1,2021/08/27,11,0,0,0,0,0,1,1,0,34.613,36.787
323,pirireis,250000,145,130,1,4,1,0,2,1,2021/09/01,11,0,1,0,1,0,1,1,0,34.612,36.787
324,pirireis,300000,220,200,1,6,1,0,2,1,2021/08/19,10,0,0,0,1,0,0,1,0,34.612,36.787
325,pirireis,375000,160,145,2,4,1,1,2,1,2021/08/26,11,0,1,1,0,1,0,1,0,34.614,36.786
326,pirireis,220000,65,50,1,5,1,1,0,1,2021/08/21,1,0,0,0,0,1,1,1,0,34.615,36.786
327,pirireis,475000,170,140,7,7,2,1,2,1,2021/08/06,8,0,0,0,0,1,0,0,0,34.615,36.787
328,pirireis,166000,130,110,1,4,1,0,1,1,2021/08/13,8,0,1,0,0,1,0,1,0,34.613,36.786
329,pirireis,233000,150,130,2,4,1,0,2,1,2021/08/25,9,0,1,0,0,0,1,1,0,34.611,36.786
353,pirireis,236000,160,150,5,5,1,0,2,1,2021/08/21,8,0,0,0,1,0,1,1,0,34.610,36.786
352,pirireis,250000,55,40,2,4,1,0,0,1,2021/08/28,0,0,0,0,1,1,1,1,0,34.611,36.785
330,pirireis,250000,120,110,3,4,1,0,1,0,2021/08/16,9,0,0,0,1,1,0,1,0,34.612,36.785
331,pirireis,230000,130,100,1,4,1,0,2,1,2021/07/28,11,0,1,0,0,1,0,1,0,34.613,36.784
332,pirireis,480000,110,95,5,5,2,1,1,1,2021/08/30,0,0,1,1,1,0,0,1,0,34.612,36.784
333,pirireis,360000,200,199,2,4,1,0,3,1,2021/08/30,9,0,1,0,0,1,0,1,0,34.610,36.787
334,pirireis,318000,150,140,5,5,1,1,2,1,2021/08/14,8,0,0,0,0,0,1,1,0,34.610,36.787
335,pirireis,240000,160,130,2,4,1,0,2,1,2021/08/16,9,0,1,0,0,0,1,1,0,34.609,36.787
336,pirireis,295000,180,150,1,6,1,1,2,1,2021/08/07,7,0,0,0,0,1,1,1,0,34.610,36.787
337,pirireis,360000,200,180,2,4,1,0,3,1,2021/08/29,10,0,0,1,0,0,0,1,0,34.609,36.787
338,pirireis,210000,140,130,3,6,1,1,2,1,2021/08/06,9,0,0,1,1,1,0,1,0,34.610,36.788
339,pirireis,400000,160,150,4,9,1,0,2,0,2021/08/12,9,0,0,0,0,0,1,1,0,34.610,36.788
340,pirireis,340000,210,160,1,8,2,0,2,1,2021/09/02,11,0,0,1,0,1,0,1,0,34.611,36.788
341,pirireis,390000,140,135,8,9,1,0,2,1,2021/05/21,8,0,0,1,0,0,0,1,0,34.613,36.788
343,pirireis,510000,130,129,5,5,2,0,1,1,2021/08/10,0,0,0,1,1,0,0,1,0,34.615,36.786
342,pirireis,480000,135,120,1,6,1,1,1,1,2021/08/06,7,0,1,1,1,0,0,1,0,34.616,36.786
344,pirireis,240000,190,175,5,9,1,0,2,1,2021/08/07,9,0,0,1,1,0,0,1,0,34.615,36.785
345,pirireis,378000,220,219,5,7,1,0,2,1,2021/08/11,7,0,0,0,0,0,1,1,0,34.614,36.785
346,pirireis,350000,155,120,3,4,1,1,2,1,2021/08/11,9,0,1,1,1,0,0,1,0,34.613,36.785
347,pirireis,349000,125,105,1,4,2,1,1,1,2021/09/02,0,0,0,0,0,1,0,1,0,34.614,36.786
348,pirireis,1000000,210,185,7,7,1,1,3,1,2021/09/01,11,0,0,0,0,1,0,0,0,34.615,36.784
349,pirireis,1600000,250,200,7,7,1,1,3,1,2021/08/13,11,0,0,1,0,0,0,0,0,34.615,36.784
350,pirireis,890000,200,180,6,6,1,1,2,1,2021/08/21,9,0,0,0,0,1,0,0,0,34.615,36.784
351,pirireis,510000,100,90,5,5,2,1,1,1,2021/08/05,0,0,0,1,1,0,0,1,0,34.613,36.785
354,ciftlikkoy,295000,65,50,3,14,1,1,0,0,2021/08/21,0,0,0,1,0,1,0,1,0,34.551,36.768
355,ciftlikkoy,275000,70,65,2,5,1,0,0,1,2021/08/29,2,0,0,0,0,1,1,1,0,34.551,36.768
356,ciftlikkoy,365000,100,85,4,12,2,0,1,1,2021/08/27,6,0,0,1,0,1,0,1,0,34.550,36.768
357,,284000,75,50,6,7,1,2,0,0,2021/08/10,3,0,0,1,1,0,0,1,0,34.550,36.768
358,ciftlikkoy,385000,120,100,4,8,2,1,1,1,2021/08/22,3,0,0,1,0,1,0,1,0,34.548,36.768
359,ciftlikkoy,525000,160,130,8,12,1,1,2,0,2021/09/01,3,0,0,1,0,1,0,1,0,34.548,36.768
360,ciftlikkoy,302000,70,60,13,15,1,2,0,0,2021/08/10,3,0,0,0,1,0,1,1,0,34.548,36.768
361,ciftlikkoy,263000,70,55,7,7,1,0,0,0,2021/08/27,2,0,0,0,1,1,1,1,0,34.547,36.767
362,ciftlikkoy,450000,165,135,5,10,1,1,2,0,2021/08/27,8,0,0,0,1,0,0,1,0,34.547,36.768
363,ciftlikkoy,799000,210,145,12,21,2,1,2,0,2021/08/29,4,0,0,0,1,0,0,0,0,34.545,36.767
364,ciftlikkoy,330000,180,135,10,10,1,0,2,0,2021/08/17,8,0,0,0,0,1,0,1,0,34.545,36.767
365,ciftlikkoy,445000,120,100,2,15,1,2,1,1,2021/09/03,4,0,0,0,0,1,0,1,0,34.544,36.767
366,ciftlikkoy,590000,155,124,6,8,2,1,1,0,2021/08/30,0,0,0,0,0,1,0,1,0,34.544,36.767
367,ciftlikkoy,275000,80,70,4,7,1,0,1,0,2021/08/10,0,0,0,1,1,0,0,1,0,34.545,36.768
368,ciftlikkoy,435000,130,120,3,6,1,1,1,1,2021/08/21,6,0,0,0,0,1,0,1,0,34.545,36.768
369,ciftlikkoy,270000,65,55,2,9,1,0,0,0,2021/08/30,4,0,0,0,1,0,1,1,0,34.545,36.769
370,ciftlikkoy,375000,185,135,4,10,1,0,2,1,2021/08/28,8,0,0,0,1,0,0,1,0,34.550,36.769
371,ciftlikkoy,640000,165,145,5,6,2,1,2,1,2021/08/31,6,0,0,1,0,0,0,1,0,34.549,36.769
372,ciftlikkoy,525000,160,130,8,12,1,1,2,0,2021/09/01,3,0,0,1,0,1,0,1,0,34.549,36.768
373,ciftlikkoy,302000,70,60,13,15,1,2,0,0,2021/08/10,3,0,0,0,1,0,1,1,0,34.548,36.768
374,ciftlikkoy,390000,100,80,6,8,1,1,1,0,2021/08/31,4,0,0,0,0,1,1,1,0,34.550,36.769
375,ciftlikkoy,370000,140,130,4,10,1,0,2,0,2021/09/04,7,0,0,0,1,0,0,1,0,34.549,36.769
376,ciftlikkoy,670000,185,145,11,12,2,1,2,0,2021/08/20,6,0,0,0,1,0,0,1,0,34.549,36.769
377,ciftlikkoy,405000,130,110,4,6,1,1,1,1,2021/08/29,6,0,0,0,1,0,1,1,1,34.549,36.769
378,ciftlikkoy,360000,145,125,4,10,1,0,2,1,2021/08/21,9,0,0,0,1,0,0,1,0,34.550,36.770
379,ciftlikkoy,392000,120,90,4,6,1,0,1,0,2021/08/18,4,0,0,0,0,1,0,1,0,34.550,36.770
380,ciftlikkoy,330000,90,80,2,6,1,0,1,0,2021/08/31,0,0,0,1,0,1,0,1,0,34.549,36.770
381,ciftlikkoy,465000,120,100,4,9,12,1,1,0,2021/08/29,4,0,0,1,1,0,0,1,0,34.549,36.770
382,ciftlikkoy,545000,145,130,1,10,2,1,2,0,2021/08/21,6,0,0,0,1,0,0,1,0,34.550,36.771
383,ciftlikkoy,420000,125,110,4,10,2,1,1,0,2021/10/06,6,0,0,0,0,1,0,1,0,34.548,36.770
384,ciftlikkoy,495000,110,90,4,16,1,1,1,0,2021/08/13,1,0,0,0,1,0,0,1,0,34.548,36.769
385,ciftlikkoy,330000,70,65,6,13,1,1,0,0,2021/08/11,4,0,0,1,1,0,0,1,0,34.547,36.769
386,ciftlikkoy,420000,120,95,3,6,1,1,1,0,2021/09/07,6,0,0,0,0,1,0,1,0,34.547,36.769
387,ciftlikkoy,300000,100,90,4,6,1,1,1,1,2021/08/30,0,0,0,0,0,0,0,1,0,34.547,36.770
388,ciftlikkoy,423000,170,140,2,9,1,1,2,1,2021/08/27,7,0,0,0,1,0,0,1,0,34.547,36.770
389,ciftlikkoy,262000,60,45,5,12,1,0,0,0,2021/09/02,4,0,0,0,1,0,1,1,0,34.547,36.770
390,ciftlikkoy,480000,120,85,7,14,1,0,1,0,2021/08/23,0,0,0,1,0,1,0,1,0,34.544,36.768
391,ciftlikkoy,265000,70,60,1,5,1,0,0,1,2021/08/27,4,0,0,0,0,1,0,1,0,34.544,36.769
392,ciftlikkoy,390000,130,95,11,11,1,0,1,0,2021/08/28,7,0,0,1,0,0,0,1,0,34.544,36.769
393,ciftlikkoy,320000,95,85,4,6,1,1,0,1,2021/09/08,4,0,0,0,1,0,1,1,0,34.545,36.769
394,ciftlikkoy,475000,90,88,12,18,1,1,1,0,2021/08/26,1,0,0,0,0,0,0,0,0,34.545,36.769
395,ciftlikkoy,585000,170,160,10,10,2,1,2,0,2021/08/17,6,0,0,0,0,1,0,1,0,34.543,36.770
396,ciftlikkoy,285000,80,75,3,7,1,0,0,0,2021/08/11,4,0,0,0,1,0,1,1,0,34.544,36.770
397,ciftlikkoy,465000,75,65,4,5,1,0,1,1,2021/08/31,0,0,0,1,0,0,1,1,0,34.545,36.770
398,ciftlikkoy,445000,160,130,9,10,1,0,2,1,2021/08/25,8,0,0,0,1,0,0,1,0,34.545,36.770
399,ciftlikkoy,360000,160,130,4,11,1,0,2,1,2021/08/31,8,0,0,0,0,0,1,1,0,34.546,36.770
400,ciftlikkoy,595000,160,140,1,6,2,1,2,1,2021/08/20,6,0,0,0,0,1,0,1,0,34.546,36.770
401,ciftlikkoy,1060000,220,170,5,8,2,1,3,0,2021/08/23,6,0,0,0,0,0,0,1,0,34.547,36.771
402,ciftlikkoy,235000,70,50,3,10,1,2,0,0,2021/08/16,6,0,0,1,0,1,0,1,0,34.543,36.770
403,ciftlikkoy,265000,70,60,5,5,1,0,0,1,2021/08/30,3,0,0,0,0,1,0,1,0,34.543,36.771
404,ciftlikkoy,495000,120,95,13,13,1,2,1,1,2021/09/02,6,0,0,1,1,0,0,0,0,34.544,36.771
405,ciftlikkoy,320000,190,145,1,11,1,1,2,0,2021/08/23,8,0,0,0,0,0,0,1,0,34.544,36.771
406,ciftlikkoy,490000,150,110,12,12,1,1,1,1,2021/08/16,4,0,0,1,1,0,0,1,0,34.544,36.770
407,ciftlikkoy,425000,190,145,4,11,1,1,2,0,2021/08/23,8,0,0,0,0,0,0,1,0,34.546,36.771
408,ciftlikkoy,365000,110,90,3,5,1,0,1,1,2021/08/13,6,0,0,0,1,0,0,1,0,34.546,36.772
409,ciftlikkoy,410000,170,160,11,11,1,0,2,1,2021/08/13,8,0,0,0,0,1,0,1,0,34.547,36.772
410,ciftlikkoy,510000,120,90,15,18,1,1,1,0,2021/08/23,0,0,0,0,1,1,0,1,0,34.548,36.771
411,ciftlikkoy,538000,170,140,1,6,2,1,2,0,2021/08/31,6,0,0,0,1,0,0,1,0,34.549,36.771
412,ciftlikkoy,320000,110,90,1,5,1,0,1,0,2021/08/17,6,0,0,0,0,1,0,1,0,34.548,36.772
413,ciftlikkoy,434000,100,90,11,20,1,2,0,0,2021/08/10,6,0,0,1,1,0,0,1,0,34.548,36.772
414,ciftlikkoy,215000,55,40,2,6,1,0,0,1,2021/08/21,3,0,0,0,1,0,1,1,0,34.548,36.772
415,ciftlikkoy,270000,80,70,1,5,1,0,0,1,2021/08/11,4,0,0,1,1,0,0,1,0,34.543,36.771
416,ciftlikkoy,440000,110,100,2,10,1,1,1,1,2021/08/21,6,0,0,0,0,0,0,1,0,34.544,36.771
417,ciftlikkoy,383000,100,90,1,15,1,1,1,0,2021/08/10,0,0,0,0,0,0,0,1,0,34.545,36.771
418,ciftlikkoy,320000,110,100,0,10,1,1,1,0,2021/08/16,6,0,0,0,0,1,0,1,0,34.544,36.771
419,ciftlikkoy,240000,60,50,4,6,1,1,0,1,2021/09/02,0,0,0,1,0,1,0,1,0,34.542,36.771
420,ciftlikkoy,230000,70,60,3,9,1,0,0,0,2021/09/04,0,0,0,1,1,0,0,1,0,34.542,36.771
421,ciftlikkoy,235000,60,50,3,6,1,0,0,1,2021/09/08,0,0,0,1,0,1,1,1,0,34.542,36.771
422,ciftlikkoy,295000,110,80,1,6,1,0,1,1,2021/09/08,0,0,0,1,0,1,0,1,0,34.542,36.772
423,ciftlikkoy,315000,75,58,9,14,1,2,0,0,2021/08/26,0,0,0,0,1,1,0,1,0,34.544,36.772
424,ciftlikkoy,250000,55,50,8,12,1,0,0,0,2021/09/08,4,0,0,1,1,0,0,1,0,34.545,36.772
425,ciftlikkoy,830000,185,140,2,12,2,2,1,0,2021/08/21,4,0,0,1,0,0,0,1,0,34.544,36.772
426,ciftlikkoy,425000,77,55,3,13,1,2,0,0,2021/08/19,6,0,0,0,0,1,1,1,0,34.541,36.771
427,ciftlikkoy,460000,180,140,7,9,1,1,2,1,2021/08/26,7,0,0,0,0,1,0,1,0,34.546,36.772
428,ciftlikkoy,415000,120,90,3,18,1,1,1,0,2021/08/31,0,0,0,0,1,1,0,1,0,34.544,36.772
429,fuat morel,730000,125,115,7,8,1,1,1,0,2021/08/27,4,0,0,0,1,0,0,1,0,34.586,36.810
430,ciftlikkoy,275000,70,55,4,7,1,2,0,0,2022/09/01,4,0,0,1,1,0,0,1,0,34.543,36.772
431,ciftlikkoy,234000,70,50,3,10,1,2,0,1,2021/08/24,6,0,0,1,0,1,0,1,0,34.541,36.773
432,ciftlikkoy,395000,165,145,6,11,1,0,2,1,2021/08/14,7,0,0,0,0,0,0,1,0,34.545,36.772
433,ciftlikkoy,400000,110,95,4,5,1,0,1,0,2021/08/16,6,0,0,0,1,0,0,1,0,34.547,36.773
434,ciftlikkoy,263000,68,65,12,14,1,0,0,1,2021/08/23,1,0,0,1,1,0,0,1,0,34.541,36.772
435,ciftlikkoy,270000,60,50,3,14,1,0,0,1,2021/08/26,0,0,0,1,1,0,0,1,0,34.542,36.772
436,ciftlikkoy,290000,60,55,12,14,1,0,0,1,2021/09/06,0,0,0,1,1,1,0,1,0,34.543,36.772
437,ciftlikkoy,375000,110,85,8,8,1,1,1,1,2021/08/31,6,0,0,0,1,0,0,1,0,34.544,36.772
438,ciftlikkoy,355000,95,65,3,10,1,0,0,0,2021/08/10,1,0,0,1,0,1,1,1,0,34.545,36.773
439,ciftlikkoy,165000,60,52,2,2,1,0,0,1,2021/08/15,6,0,0,0,1,1,0,1,1,34.546,36.773
440,ciftlikkoy,274000,100,80,1,4,1,0,0,1,2021/08/28,4,1,0,0,1,1,1,1,0,34.547,36.774
441,ciftlikkoy,500000,100,90,3,13,1,2,1,0,2021/09/07,0,0,0,0,0,0,0,1,0,34.543,36.774
442,ciftlikkoy,380000,180,150,7,8,1,0,2,0,2021/09/08,9,0,0,0,1,0,0,1,0,34.543,36.773
443,ciftlikkoy,385000,100,85,1,18,1,2,1,0,2021/09/05,0,0,0,0,1,0,1,1,0,34.543,36.773
444,ciftlikkoy,385000,75,55,5,14,1,2,1,0,2021/08/25,0,0,0,1,1,1,0,1,0,34.543,36.774
445,ciftlikkoy,480000,120,85,5,13,2,0,1,0,2021/08/20,0,0,0,1,0,1,0,1,0,34.543,36.773
446,ciftlikkoy,550000,110,90,18,18,1,1,1,1,2021/08/06,1,0,0,1,1,1,0,0,0,34.542,36.774
447,ciftlikkoy,580000,190,145,7,10,2,1,2,0,2021/08/13,6,0,0,0,0,1,0,1,0,34.543,36.774
448,ciftlikkoy,320000,85,70,5,8,2,1,1,1,2021/09/05,0,0,0,1,1,0,0,1,0,34.542,36.773
449,ciftlikkoy,348000,60,55,14,14,1,0,0,0,2021/08/27,4,0,0,1,1,1,0,1,0,34.542,36.774
450,ciftlikkoy,525000,185,135,5,7,1,0,2,0,2021/08/12,6,0,0,0,1,0,0,1,0,34.542,36.774
451,ciftlikkoy,250000,60,50,5,10,1,0,0,0,2021/08/12,3,0,0,1,1,1,0,1,0,34.542,36.773
452,ciftlikkoy,415000,115,90,2,18,1,2,1,0,2021/09/02,1,0,0,1,1,0,0,1,0,34.540,36.773
453,ciftlikkoy,360000,120,110,1,2,1,0,1,1,2021/09/06,1,0,1,0,0,1,0,1,0,34.542,36.775
454,ciftlikkoy,299000,55,50,3,7,1,0,0,1,2021/08/22,6,0,0,1,1,1,0,1,0,34.541,36.774
455,ciftlikkoy,330000,60,50,4,13,1,0,0,0,2021/08/20,2,0,0,1,1,0,0,1,0,34.543,36.775
456,ciftlikkoy,430000,105,95,7,12,1,1,1,0,2021/09/02,6,0,0,0,1,0,0,1,0,34.544,36.774
457,ciftlikkoy,960000,220,160,10,15,2,1,3,1,2021/08/14,6,0,0,0,1,0,0,1,0,34.544,36.774
458,ciftlikkoy,297000,70,65,7,7,1,2,0,1,2021/08/16,4,0,0,1,1,1,0,1,0,34.545,36.774
459,ciftlikkoy,270000,70,65,4,7,1,2,0,0,2021/09/03,4,0,0,1,0,1,1,1,0,34.545,36.774
460,ciftlikkoy,269500,100,80,1,4,1,0,0,1,2021/08/17,4,0,0,1,1,1,0,1,0,34.546,36.774
461,ciftlikkoy,1050000,220,170,5,8,2,1,3,0,2021/08/25,6,0,0,0,0,0,0,1,0,34.544,36.775
462,ciftlikkoy,430000,100,90,10,11,1,0,1,0,2021/09/02,6,0,0,1,0,1,0,1,0,34.541,36.774
463,ciftlikkoy,169000,85,55,0,3,1,0,0,1,2021/09/02,4,0,0,1,1,1,0,1,0,34.541,36.774
464,ciftlikkoy,550000,180,160,6,10,2,2,2,0,2021/08/12,6,0,0,0,1,0,0,1,0,34.540,36.775
465,ciftlikkoy,316000,110,70,4,8,1,1,0,0,2021/08/14,4,0,0,1,0,0,0,1,0,34.541,36.775
466,ciftlikkoy,410000,105,90,6,8,1,1,1,0,2021/08/26,6,0,0,1,1,0,0,1,0,34.542,36.775
467,ciftlikkoy,256000,65,60,8,14,1,1,0,0,2021/08/25,3,0,0,1,1,1,0,1,0,34.543,36.775
468,ciftlikkoy,625000,140,120,5,20,2,2,2,0,2021/08/29,2,0,0,0,0,1,0,1,0,34.539,36.773
469,ciftlikkoy,235000,60,50,4,11,1,2,0,0,2021/08/28,6,0,0,1,1,0,0,1,0,34.545,36.775
470,ciftlikkoy,995000,220,200,6,15,2,2,3,0,2021/09/03,3,0,0,0,1,0,0,1,0,34.545,36.776
471,ciftlikkoy,375000,120,100,10,10,1,1,1,0,2021/08/31,6,0,0,0,1,0,1,1,0,34.546,36.775
472,ciftlikkoy,415000,140,125,2,8,10,1,2,0,2021/08/18,8,0,0,0,1,0,0,1,0,34.547,36.776
473,ciftlikkoy,188000,65,58,1,2,1,0,0,1,2021/08/31,4,0,1,1,1,0,0,1,0,34.541,36.776
474,ciftlikkoy,250000,55,50,2,3,1,0,0,1,2021/08/29,4,0,0,1,1,0,1,0,1,34.542,36.776
475,ciftlikkoy,195000,60,55,2,3,1,0,0,1,2021/08/18,0,0,1,0,0,1,1,1,0,34.540,36.776
476,ciftlikkoy,290000,70,60,10,10,1,0,0,1,2021/08/16,4,0,0,0,0,1,1,1,0,34.539,36.776
477,ciftlikkoy,240000,60,55,2,2,1,0,0,1,2021/08/31,4,0,1,0,0,1,1,1,0,34.540,36.777
478,ciftlikkoy,178000,60,50,2,2,1,0,0,1,2021/08/17,3,0,0,1,1,1,0,1,0,34.539,36.778
479,ciftlikkoy,135000,60,48,0,3,1,0,0,1,2021/08/14,6,1,1,1,1,1,0,1,0,34.539,36.777
480,ciftlikkoy,200000,65,55,2,3,1,0,0,1,2021/08/23,0,0,1,0,1,0,0,1,0,34.539,36.778
481,ciftlikkoy,149000,55,50,0,2,1,0,0,1,2021/08/31,4,1,1,0,0,1,1,1,0,34.539,36.779
482,ciftlikkoy,210000,100,80,1,4,1,0,1,1,2021/08/25,2,1,0,1,1,1,0,1,0,34.539,36.779
483,ciftlikkoy,305000,145,120,0,14,1,0,2,0,2021/08/12,8,1,0,1,0,0,0,1,0,34.544,36.768
484,ciftlikkoy,199000,45,40,2,2,1,0,0,0,2021/08/17,6,0,0,1,1,0,0,1,0,34.537,36.778
485,ciftlikkoy,210000,60,55,3,4,1,0,0,1,2021/09/02,0,0,0,1,1,0,0,1,0,34.537,36.781
486,ciftlikkoy,340000,120,110,3,6,1,0,1,0,2021/09/04,0,0,0,1,0,1,0,1,0,34.539,36.780
487,ciftlikkoy,640000,160,140,2,9,2,1,2,1,2021/09/06,6,0,0,0,0,1,0,1,0,34.542,36.781
488,ciftlikkoy,1150000,310,100,1,9,1,1,1,1,2021/09/04,1,0,0,1,1,0,0,1,0,34.542,36.782
489,ciftlikkoy,225000,65,55,1,3,1,0,0,1,2021/08/26,4,0,0,1,1,1,0,1,0,34.541,36.781
490,ciftlikkoy,380000,60,55,6,10,1,0,0,1,2021/08/24,3,0,0,1,0,1,1,1,0,34.541,36.781
491,ciftlikkoy,570000,150,115,1,14,1,0,2,0,2021/08/19,0,0,0,1,0,1,0,1,0,34.537,36.779
492,ciftlikkoy,325000,120,110,0,4,1,0,1,0,2021/09/01,6,1,0,1,1,0,0,1,0,34.537,36.780
493,ciftlikkoy,235000,70,50,3,6,1,0,0,1,2021/09/04,0,0,0,1,0,1,0,1,0,34.535,36.781
494,ciftlikkoy,350000,110,80,1,2,1,0,1,1,2021/08/24,3,0,0,0,1,0,0,1,0,34.535,36.780
495,ciftlikkoy,320000,100,90,2,2,1,0,1,1,2021/09/08,4,0,0,0,1,0,1,1,0,34.536,36.779
496,ciftlikkoy,549000,130,125,5,7,2,1,1,0,2021/08/18,0,0,0,0,0,0,1,1,0,34.543,36.780
497,ciftlikkoy,520000,125,95,3,8,2,2,1,1,2021/08/16,0,0,0,1,1,0,0,1,0,34.544,36.780
498,ciftlikkoy,650000,110,87,4,13,1,1,1,0,2021/08/13,0,0,0,1,1,0,0,1,0,34.544,36.779
499,ciftlikkoy,515000,110,100,3,12,2,1,1,0,2021/08/26,0,0,0,1,0,1,0,1,0,34.546,36.780
500,ciftlikkoy,650000,120,110,9,12,1,2,1,0,2021/09/01,0,0,0,0,0,0,0,1,0,34.547,36.778
700,Batikent,850000,150,135,10,12,2,1,2,1,2021/09/07,0,0,0,0,0,0,0,1,0,34.568,36.783
701,Batikent,1175000,207,175,1,14,2,2,3,0,2021/09/06,4,0,0,0,1,0,0,1,0,34.565,36.782
702,Batikent,1250000,207,177,6,14,2,2,3,0,2021/08/26,4,0,0,0,0,1,0,1,0,34.566,36.783
703,Batikent,765000,170,150,7,12,2,2,2,0,2021/09/10,7,0,0,0,0,0,1,1,0,34.563,36.782
704,Batikent,750000,210,149,1,9,2,1,3,0,2021/09/10,0,0,0,0,0,0,0,1,0,34.564,36.782
705,Batikent,450000,130,120,1,9,2,1,2,0,2021/08/26,2,0,0,0,0,1,0,1,0,34.563,36.781
706,Batikent,990000,210,150,6,13,2,2,2,0,2021/08/28,6,0,0,0,0,1,0,1,0,34.564,36.782
707,Batikent,499000,125,100,8,9,1,2,1,1,2021/08/18,0,0,0,1,1,0,0,1,0,34.563,36.781
708,Batikent,545000,200,165,3,15,1,0,2,0,2021/09/10,7,0,0,0,1,0,0,1,0,34.561,36.780
709,Batikent,530000,200,170,1,15,1,1,2,0,2021/08/16,7,0,0,0,1,0,0,1,0,34.561,36.780
710,Batikent,345000,175,150,2,2,1,0,2,1,2021/08/13,8,0,1,0,0,0,1,1,1,34.561,36.780
711,Batikent,255000,185,184,1,1,1,0,1,1,2021/08/31,10,0,1,0,0,0,1,1,1,34.561,36.780
712,Batikent,370000,185,165,8,10,1,0,2,0,2021/08/27,8,0,0,0,1,0,0,1,0,34.566,36.783
713,Batikent,310000,150,125,13,13,1,1,2,1,2021/08/17,9,0,0,0,0,1,0,1,0,34.565,36.783
714,Batikent,520000,118,110,12,14,1,2,1,0,2021/09/05,6,0,0,0,0,1,0,1,0,34.563,36.782
715,Batikent,675000,170,140,4,11,2,1,2,0,2021/09/01,3,0,0,0,0,1,0,1,0,34.562,36.782
716,Batikent,650000,140,115,2,8,2,0,1,0,2021/08/14,0,0,0,0,1,0,0,1,0,34.562,36.782
717,Batikent,557000,200,149,3,11,1,1,2,0,2021/09/07,7,0,0,0,1,0,0,1,0,34.562,36.781
718,Batikent,650000,140,139,5,8,2,1,1,0,2021/08/19,0,0,0,0,0,0,0,1,0,34.559,36.780
719,Batikent,1150000,210,160,3,13,2,2,2,0,2021/08/19,6,0,0,0,1,0,0,1,0,34.558,36.779
720,Batikent,749000,195,165,7,10,2,2,2,1,2021/09/05,6,0,0,0,0,1,0,1,0,34.565,36.784
721,Batikent,375000,65,55,5,8,1,0,0,0,2021/08/11,0,0,0,0,1,0,1,1,0,34.566,36.784
722,Batikent,500000,95,80,5,8,1,0,1,0,2021/08/11,0,0,0,0,1,0,1,1,0,34.566,36.784
723,Batikent,370000,155,140,8,10,1,0,2,0,2021/08/27,9,0,0,0,1,0,0,1,0,34.564,36.783
724,Batikent,520000,200,170,7,10,3,1,2,0,2021/08/18,8,0,0,0,0,1,0,1,0,34.562,36.783
725,Batikent,750000,160,140,4,11,2,1,2,0,2021/09/02,0,0,0,0,0,1,0,1,0,34.562,36.782
726,Batikent,535000,180,140,4,11,1,2,2,0,2021/08/28,6,0,0,1,0,1,0,1,0,34.560,36.781
727,Batikent,935000,225,200,8,13,2,1,3,0,2021/08/19,6,0,0,0,1,0,0,1,0,34.560,36.781
728,Batikent,580000,170,135,1,14,2,1,2,0,2021/08/28,7,0,0,1,1,0,0,1,0,34.558,36.781
729,Batikent,930000,197,165,6,13,2,2,2,0,2021/09/09,6,0,0,0,0,1,0,1,0,34.558,36.781
730,Batikent,630000,125,100,6,5,1,1,1,1,2021/08/21,4,0,0,0,0,1,0,1,0,34.565,36.784
731,Batikent,375000,65,60,4,8,1,0,0,1,2021/09/10,0,0,0,0,1,0,1,1,0,34.565,36.784
732,Batikent,500000,110,95,4,9,1,0,1,0,2021/09/04,0,0,0,0,0,0,0,1,0,34.565,36.785
733,Batikent,390000,185,140,3,11,1,1,2,0,2021/08/19,9,0,0,1,0,0,0,1,0,34.565,36.785
734,Batikent,749000,170,145,4,10,2,1,2,0,2021/08/13,0,0,0,0,0,0,0,1,0,34.563,36.785
735,Batikent,749000,170,140,3,11,2,1,2,1,2021/08/18,0,0,0,0,0,1,0,1,0,34.562,36.784
736,Batikent,2000000,286,225,9,19,3,2,4,0,2021/09/08,0,0,0,0,1,0,0,1,0,34.562,36.784
737,Batikent,335000,170,130,3,12,1,0,2,0,2021/08/26,8,0,0,0,0,1,0,1,0,34.561,36.784
738,Batikent,415000,150,140,10,12,1,1,2,0,2021/09/09,9,0,0,,,,,1,0,34.560,36.784
739,Batikent,890000,220,180,4,9,3,1,3,0,2021/09/06,0,0,0,0,0,1,0,1,0,34.561,36.782
740,Batikent,850000,195,194,5,12,2,2,2,0,2021/08/25,6,0,0,0,1,0,0,1,0,34.561,36.782
741,Batikent,425000,160,159,3,3,1,0,2,1,2021/09/05,6,0,1,1,0,1,0,1,0,34.561,36.782
742,Batikent,370000,170,169,4,11,1,0,2,0,2021/08/19,8,0,0,0,1,0,0,1,0,34.561,36.782
743,Batikent,349000,155,145,8,10,1,1,2,0,2021/09/08,9,0,0,0,1,0,0,1,0,34.561,36.782
744,Batikent,730000,165,140,2,10,2,0,2,0,2021/08/13,0,0,0,0,1,0,0,1,0,34.561,36.782
745,Batikent,200000,100,70,3,3,1,0,1,1,2021/09/01,4,0,1,1,1,0,0,1,0,34.561,36.782
746,Batikent,158000,90,70,3,0,1,0,1,1,2021/08/25,4,0,1,0,0,1,1,1,0,34.561,36.782
747,Batikent,756000,195,165,6,10,2,2,2,0,2021/08/20,6,0,0,0,1,0,0,1,0,34.560,36.782
748,Batikent,765000,195,165,10,10,2,2,2,0,2021/09/01,6,0,0,0,1,0,0,1,0,34.560,36.782
749,Batikent,525000,135,100,4,8,2,1,1,0,2021/08/17,1,0,0,0,1,0,0,1,0,34.560,36.782
750,Batikent,1050000,220,170,1,12,2,1,3,0,2021/09/03,0,0,0,0,1,0,0,1,0,34.560,36.783
751,Batikent,389000,70,69,2,8,2,1,0,0,2021/09/05,1,0,0,1,1,0,0,1,0,34.560,36.783
752,Batikent,710000,170,130,1,10,2,1,2,0,2021/09/02,0,0,0,0,0,0,0,1,0,34.561,36.783
753,Batikent,650000,145,110,6,8,2,2,1,0,2021/08/14,0,0,0,0,0,1,0,1,0,34.560,36.782
754,Batikent,750000,200,170,1,9,2,1,3,0,2021/09/03,0,0,0,0,1,0,0,1,0,34.559,36.782
755,Batikent,370000,70,60,1,8,1,1,0,1,2021/08/18,0,0,0,1,1,1,0,1,0,34.559,36.782
756,Batikent,875000,220,150,6,8,2,1,2,1,2021/08/29,6,2,0,0,0,1,0,1,0,34.556,36.782
757,Batikent,199000,60,50,0,3,1,0,0,1,2021/09/05,4,1,1,,,,,1,,34.555,36.781
758,Batikent,855000,160,150,1,8,2,1,2,0,2021/09/08,6,0,0,0,0,1,0,1,0,34.556,36.782
759,Batikent,193000,50,40,0,4,1,0,0,1,2021/09/09,4,1,1,1,0,1,0,1,0,34.555,36.781
760,Batikent,2400000,450,400,21,22,5,2,5,0,2021/08/30,3,0,0,0,1,0,0,0,0,34.556,36.780
761,Batikent,700000,170,140,2,11,2,2,2,0,2021/09/03,0,0,0,0,0,1,0,1,0,34.556,36.780
762,Batikent,312000,155,125,6,10,1,1,2,0,2021/08/31,9,0,0,0,1,0,0,1,0,34.556,36.781
763,Batikent,2550000,450,410,21,22,5,2,5,0,2021/09/02,1,0,0,0,1,0,0,0,0,34.556,36.781
764,Batikent,267000,160,120,10,10,1,0,2,1,2021/08/31,8,0,0,1,0,0,0,1,0,34.557,36.781
765,Batikent,770000,175,135,4,12,2,1,2,1,2021/09/08,0,0,0,0,0,1,0,1,0,34.558,36.782
766,Batikent,645000,170,150,3,9,2,1,2,0,2021/09/07,6,0,0,0,1,0,0,1,0,34.558,36.782
767,Batikent,850000,210,145,6,10,2,2,3,1,2021/08/30,6,0,0,1,0,0,0,1,0,34.558,36.783
768,Batikent,300000,200,135,10,10,1,0,2,0,2021/08/19,8,0,0,0,1,0,0,1,0,34.558,36.783
769,Batikent,800000,180,150,10,15,2,2,2,0,2021/09/07,6,0,0,0,1,0,0,1,0,34.557,36.783
770,Batikent,790000,175,145,2,10,2,2,2,1,2021/09/09,6,0,0,0,0,1,0,1,0,34.560,36.783
771,Batikent,315000,95,75,1,3,1,0,1,1,2021/08/31,1,0,0,0,0,1,0,1,0,34.561,36.783
772,Batikent,1599000,220,180,4,15,2,1,3,0,2021/09/04,4,0,0,0,0,0,0,1,0,34.559,36.783
773,Batikent,650000,125,115,7,8,2,1,1,1,2021/09/05,0,0,0,0,1,0,0,1,0,34.560,36.783
774,Batikent,420000,120,95,1,4,1,1,1,1,2021/09/09,0,0,0,0,1,0,0,1,0,34.552,36.785
775,Batikent,750000,190,135,2,6,2,1,2,0,2021/08/28,0,0,0,0,0,1,0,1,0,34.552,36.784
776,Batikent,650000,115,90,3,9,2,1,1,1,2021/08/24,0,0,0,0,0,0,0,1,0,34.553,36.785
777,Batikent,1600000,170,160,6,11,2,1,3,0,2021/08/16,3,0,0,0,1,0,0,1,0,34.555,36.785
778,Batikent,725000,200,170,1,12,2,2,2,0,2021/09/06,6,0,0,0,1,0,0,1,0,34.554,36.784
779,Batikent,640000,100,95,1,8,2,1,1,1,2021/08/27,0,0,0,,,,,1,0,34.556,36.785
780,Batikent,310000,100,85,1,5,1,0,1,0,2021/08/31,4,0,0,1,0,1,0,1,0,34.556,36.785
781,Batikent,650000,110,100,7,8,2,1,1,0,2021/09/01,0,0,0,0,0,0,0,1,0,34.557,36.784
782,Batikent,650000,138,120,6,8,2,1,1,0,2021/09/03,0,0,0,0,1,0,0,1,0,34.554,36.781
783,Batikent,799000,206,172,8,8,2,1,2,0,2021/08/17,2,0,0,0,0,0,0,1,0,34.554,36.781
784,Batikent,1300000,220,170,3,14,2,2,3,0,2021/08/12,3,0,0,0,0,1,0,1,0,34.554,36.781
785,Batikent,650000,134,106,6,8,2,1,1,0,2021/08/13,0,0,0,0,0,0,0,1,0,34.554,36.782
786,Batikent,375000,110,90,1,4,1,1,1,1,2021/08/24,0,0,0,0,1,0,1,1,0,34.554,36.782
787,Batikent,650000,140,125,6,8,2,1,1,1,2021/09/06,0,0,0,1,0,1,0,1,0,34.554,36.782
788,Batikent,650000,120,95,5,10,2,1,1,1,2021/08/31,0,0,0,,,,,1,0,34.554,36.783
789,Batikent,980000,215,170,2,13,2,1,3,1,2021/08/24,0,0,0,0,0,1,0,1,0,34.555,36.783
790,Batikent,410000,55,45,7,8,1,0,0,0,2021/08/24,2,0,0,1,1,0,0,1,0,34.556,36.784
791,Batikent,650000,120,110,3,8,2,2,1,0,2021/08/31,0,0,0,1,1,0,0,1,0,34.556,36.784
792,Batikent,550000,100,90,4,10,2,1,1,0,2021/09/07,0,0,0,0,1,0,0,1,0,34.555,36.783
793,Batikent,270000,100,80,0,4,1,0,1,1,2021/08/26,3,1,1,1,0,1,0,1,0,34.555,36.783
794,Batikent,650000,140,100,5,8,2,1,1,0,2021/09/10,0,0,0,0,0,0,0,1,0,34.555,36.783
795,Batikent,865000,220,180,1,10,2,1,4,0,2021/09/10,2,0,0,0,0,1,0,1,0,34.556,36.782
796,Batikent,650000,130,115,5,8,2,1,1,0,2021/08/17,0,0,0,0,1,0,0,1,0,34.556,36.783
797,Batikent,889000,180,175,1,7,2,1,3,1,2021/09/05,6,0,0,0,1,0,0,1,0,34.556,36.783
798,Batikent,500000,100,80,5,8,1,0,1,1,2021/08/29,0,0,0,1,1,0,0,1,0,34.557,36.784
799,Batikent,380000,160,150,2,10,1,0,2,0,2021/08/12,8,0,0,1,0,1,0,1,0,34.555,36.782
1006,Batikent,675000,170,140,8,8,2,1,2,1,2021/09/10,2,0,0,,,,,1,0,34.552,36.784
1007,Batikent,950000,145,140,14,10,2,1,2,0,2021/09/11,1,0,0,0,1,0,0,1,0,34.555,36.783
1008,Batikent,1100000,220,200,6,12,2,2,4,0,2021/09/07,3,0,0,0,1,0,0,1,0,34.558,36.784
1009,Batikent,1800000,286,230,2,19,3,1,4,0,2021/08/30,0,0,0,0,0,0,0,1,0,34.558,36.784
1010,Batikent,775000,175,150,4,10,2,1,2,0,2021/09/02,0,0,0,0,0,0,0,1,0,34.559,36.784
1011,Batikent,950000,225,185,8,15,2,1,3,0,2021/08/18,6,0,0,0,1,0,0,1,0,34.557,36.784
1012,Batikent,650000,115,93,1,7,2,1,1,1,2021/08/17,0,0,0,0,0,0,0,1,0,34.558,36.784
1013,Batikent,770000,155,135,2,10,2,2,2,0,2021/09/08,6,0,0,1,1,0,0,1,0,34.557,36.784
1014,Batikent,1600000,225,180,4,15,2,2,3,0,2021/09/03,3,0,0,1,0,1,1,1,0,34.558,36.785
1015,Batikent,700000,130,100,6,8,2,1,1,1,2021/09/08,0,0,0,0,1,0,0,1,0,34.558,36.785
1016,Batikent,1580000,220,220,6,11,2,2,3,0,2021/09/19,0,0,0,0,1,0,0,1,0,34.557,36.786
1017,Batikent,1600000,170,160,10,14,2,2,3,0,2021/09/14,3,0,0,0,1,0,0,1,0,34.556,36.786
1018,Batikent,1600000,230,165,11,11,2,2,3,0,2021/09/19,2,0,0,0,1,0,0,1,0,34.556,36.786
1019,Batikent,550000,160,148,3,4,1,1,2,1,2021/09/03,6,0,0,0,0,1,0,1,0,34.563,36.789
1020,Batikent,1400000,280,240,12,12,2,1,5,0,2021/08/18,6,0,0,0,1,0,0,0,0,34.563,36.788
1021,Batikent,500000,100,85,6,9,1,0,1,1,2021/09/07,0,0,0,1,0,0,0,1,0,34.562,36.788
1022,Batikent,535000,190,175,7,7,2,1,2,1,2021/08/28,0,0,0,,,,,1,0,34.561,36.788
1023,Batikent,750000,228,175,1,8,2,2,3,1,2021/09/10,6,0,0,1,0,0,0,1,0,34.564,36.786
1024,Batikent,1995000,280,220,8,20,3,1,4,0,2021/09/01,0,0,0,0,0,0,0,1,0,34.564,36.786
1025,Batikent,500000,100,80,3,8,1,1,1,0,2021/08/31,0,0,0,1,0,1,0,1,0,34.564,36.787
1026,Batikent,369000,150,135,6,13,1,1,2,0,2021/09/04,9,0,0,0,1,0,0,1,0,34.562,36.786
1027,Batikent,649000,110,100,1,8,2,1,1,1,2021/09/01,0,0,0,0,0,0,1,1,0,34.561,36.786
1028,Batikent,223000,80,68,1,9,1,0,0,1,2021/09/09,6,0,0,1,1,1,0,1,0,34.561,36.786
1029,Batikent,375000,70,55,4,9,1,0,0,1,2021/09/09,0,0,0,1,1,1,0,1,0,34.560,36.787
1030,Batikent,499000,90,85,7,9,1,1,1,0,2021/09/14,0,0,0,1,0,0,0,1,0,34.559,36.784
1031,Batikent,650000,155,135,8,8,1,1,1,0,2021/09/02,0,0,0,0,0,0,0,1,0,34.559,36.786
1032,Batikent,1600000,220,220,10,11,2,2,3,0,2021/09/09,0,0,0,0,1,0,0,1,0,34.560,36.786
1033,Batikent,750000,210,170,1,9,2,1,3,0,2021/09/10,0,0,0,0,0,1,0,1,0,34.559,36.784
1034,Batikent,950000,220,200,3,13,2,1,3,0,2021/09/10,2,0,0,0,0,1,0,1,0,34.560,36.784
1035,Batikent,705000,165,140,1,10,2,0,2,1,2021/08/13,0,0,0,0,1,0,0,1,0,34.559,36.785
1036,Batikent,1450000,300,250,14,14,2,1,3,1,2021/09/03,1,0,0,0,0,1,0,1,0,34.559,36.785
1037,Batikent,650000,125,115,3,8,2,1,1,0,2021/08/12,0,0,0,1,1,0,0,1,0,34.560,36.785
1038,Batikent,310000,140,120,2,16,2,0,2,0,2021/09/02,6,0,0,1,1,0,0,1,0,34.560,36.785
1039,Batikent,650000,140,110,3,8,2,1,1,0,2021/08/31,0,0,0,,,,,1,0,34.558,36.786
1040,Batikent,650000,145,125,5,9,2,1,1,0,2021/09/16,0,0,0,0,1,0,0,1,0,34.558,36.786
1041,Batikent,650000,135,110,5,8,2,1,1,1,2021/09/04,0,0,0,0,1,0,0,1,0,34.558,36.786
1042,Batikent,500000,90,75,7,8,1,1,1,0,2021/09/10,0,0,0,,,,,1,0,34.566,36.784
600,Fuatmorel,2500000,185,155,10,20,2,1,3,0,2021/08/29,6,0,0,0,1,0,0,1,0,34.585,36.803
601,Fuatmorel,4550000,400,360,16,26,3,1,4,0,2021/09/08,1,0,0,0,0,1,0,0,0,34.586,36.805
602,Fuatmorel,2500000,275,230,4,15,2,2,4,0,2021/09/02,0,0,0,0,0,1,0,1,0,34.584,36.806
603,Fuatmorel,1250000,190,140,11,13,2,2,3,0,2021/08/18,0,0,0,0,0,1,0,1,0,34.584,36.806
604,Fuatmorel,1300000,215,185,11,13,2,1,3,0,2021/09/03,0,0,0,0,0,1,0,1,0,34.588,36.807
605,Fuatmorel,1200000,210,149,3,14,2,2,3,0,2021/09/04,0,0,0,0,0,1,0,1,0,34.588,36.808
606,Fuatmorel,985000,200,170,7,8,2,1,2,1,2021/08/15,6,0,0,0,0,1,0,1,0,34.581,36.805
607,Fuatmorel,1500000,205,175,11,11,2,1,2,0,2021/08/24,6,0,0,0,0,0,0,1,0,34.579,36.806
608,Fuatmorel,1200000,200,140,6,7,3,2,2,1,2021/08/15,2,0,0,0,0,1,1,1,0,34.580,36.808
609,Fuatmorel,1800000,265,220,6,12,2,1,3,0,2021/09/09,6,0,0,0,1,0,0,1,0,34.581,36.808
610,Fuatmorel,2250000,250,200,12,15,2,2,3,0,2021/08/25,6,0,0,0,0,1,0,0,0,34.584,36.808
611,Fuatmorel,1900000,350,260,9,10,3,1,4,0,2021/09/09,0,0,0,0,0,1,0,1,0,34.584,36.808
612,Fuatmorel,1495000,220,170,5,11,2,1,30,0,2021/09/10,0,0,0,0,1,0,0,1,0,34.583,36.810
613,Fuatmorel,1250000,210,170,11,13,2,1,3,0,2021/09/07,0,0,0,0,0,1,0,1,0,34.583,36.811
614,Fuatmorel,2750000,240,192,6,14,2,2,3,0,2021/09/06,0,0,0,0,0,1,0,1,0,34.582,36.812
615,Fuatmorel,1500000,230,175,7,13,2,2,2,0,2021/08/24,2,0,0,0,0,1,0,1,0,34.581,36.811
616,Fuatmorel,1500000,240,239,2,12,2,1,3,1,2021/08/23,6,0,0,0,1,0,0,1,0,34.581,36.809
617,Fuatmorel,2500000,360,250,5,6,2,1,3,0,2021/08/13,8,0,0,0,1,0,0,1,0,34.580,36.809
618,Fuatmorel,2200000,360,340,2,7,2,1,3,0,2021/09/08,7,0,0,0,1,0,0,1,0,34.580,36.809
619,Fuatmorel,1550000,225,180,2,13,2,1,2,0,2021/09/03,6,0,0,0,1,0,0,1,0,34.580,36.809
620,Fuatmorel,5500000,350,340,22,22,5,1,6,0,2021/09/10,0,0,0,0,1,0,0,0,0,34.577,36.807
621,Fuatmorel,1990000,220,180,4,15,3,1,2,0,2021/09/02,7,0,0,0,0,1,0,1,0,34.581,36.811
622,Fuatmorel,2200000,240,220,2,15,3,1,2,0,2021/09/08,8,0,0,1,0,1,0,1,0,34.580,36.811
623,Fuatmorel,1650000,275,190,5,11,2,1,3,1,2021/09/04,7,0,0,0,1,0,0,1,0,34.576,36.808
624,Fuatmorel,1350000,260,233,3,13,2,1,3,0,2021/09/03,7,0,0,0,1,0,0,1,0,34.575,36.809
626,Fuatmorel,1350000,280,200,5,14,2,1,3,0,2021/08/23,7,0,0,0,1,1,0,1,0,34.574,36.809
627,Fuatmorel,1490000,220,160,11,13,2,2,3,0,2021/08/23,0,0,0,1,0,0,0,0,0,34.575,36.811
625,Fuatmorel,2100000,280,280,15,15,3,1,3,0,2021/09/10,6,0,0,0,1,0,0,1,0,34.579,36.810
628,Fuatmorel,990000,200,150,4,8,2,0,2,0,2021/09/08,6,0,0,0,0,1,0,1,0,34.580,36.811
629,Fuatmorel,800000,155,125,1,11,2,2,2,0,2021/09/07,6,0,0,0,0,1,0,1,0,34.580,36.812
630,Fuatmorel,1720000,220,190,12,12,2,1,3,1,2021/09/03,4,0,0,0,0,1,0,1,0,34.580,36.812
631,Fuatmorel,1200000,200,170,6,8,3,1,2,0,2021/08/21,2,0,0,0,0,1,1,1,0,34.576,36.812
632,Fuatmorel,1600000,240,220,11,12,2,1,2,0,2021/08/22,6,0,0,0,0,1,0,1,0,34.577,36.812
633,Fuatmorel,1200000,220,170,12,13,2,2,3,0,2021/09/01,0,0,0,0,0,1,0,1,0,34.577,36.813
634,Fuatmorel,2000000,350,285,9,9,2,1,4,0,2021/08/24,3,0,0,0,0,1,0,1,0,34.576,36.813
635,Fuatmorel,1700000,235,190,11,18,2,2,3,0,2021/08/17,0,0,0,0,0,0,0,1,0,34.578,36.813
636,Fuatmorel,1750000,260,215,13,15,2,1,3,0,2021/09/01,0,0,0,,,,,1,0,34.576,36.814
637,Fuatmorel,2750000,240,239,1,15,2,2,3,0,2021/09/04,0,0,0,0,0,1,0,1,0,34.576,36.815
638,Fuatmorel,1650000,200,170,6,12,2,1,3,0,2021/08/23,6,0,0,0,0,1,0,1,0,34.572,36.811
639,Fuatmorel,1250000,225,165,11,13,2,13,3,1,2021/08/13,1,0,0,0,0,1,0,1,0,34.572,36.813
640,Fuatmorel,1400000,197,150,6,10,2,1,2,1,2021/09/02,6,0,0,0,0,0,0,1,0,34.583,36.813
641,Fuatmorel,2500000,250,225,4,15,2,2,4,1,2021/08/18,2,0,0,0,1,0,0,1,0,34.562,36.828
642,Fuatmorel,1900000,300,299,9,15,2,1,4,0,2021/09/05,3,0,0,0,0,1,0,1,0,34.575,36.820
643,Fuatmorel,1600000,260,220,7,12,2,2,3,1,2021/09/04,6,0,0,0,0,1,0,0,0,34.577,36.820
644,Fuatmorel,1400000,210,170,5,10,2,1,2,0,2021/08/25,6,0,0,0,0,0,0,1,0,34.577,36.820
646,Fuatmorel,730000,125,115,7,8,1,1,1,0,2021/08/27,4,0,0,0,1,0,0,1,0,34.579,36.822
645,Fuatmorel,1150000,300,299,1,14,2,1,4,0,2021/09/03,7,0,0,0,1,0,0,1,0,34.576,36.815
647,Fuatmorel,1300000,200,199,12,13,2,1,3,0,2021/09/05,0,0,0,0,0,1,0,1,0,34.575,36.817
648,Fuatmorel,1550000,300,275,11,15,2,1,4,1,2021/09/11,0,0,0,0,0,0,1,1,0,34.572,36.816
649,Fuatmorel,970000,200,185,5,15,2,1,2,0,2021/08/17,6,0,0,0,0,1,0,1,0,34.575,36.818
650,Fuatmorel,3450000,500,450,13,22,4,2,5,0,2021/08/26,6,0,0,0,0,1,0,0,0,34.575,36.818
651,Fuatmorel,2500000,265,220,4,15,2,2,4,0,2021/09/09,0,0,0,0,1,0,0,1,0,34.579,36.814
652,Fuatmorel,1575000,360,260,1,12,2,1,3,1,2021/08/18,6,0,0,0,0,0,0,1,0,34.579,36.815
653,Fuatmorel,1325000,210,157,6,10,2,1,2,1,2021/08/14,6,0,0,0,0,0,0,1,0,34.581,36.815
654,Fuatmorel,1600000,360,270,1,11,3,2,3,0,2021/08/21,4,0,0,0,1,0,0,1,0,34.580,36.816
655,Fuatmorel,1750000,220,190,13,16,2,2,3,0,2021/09/06,2,0,0,0,1,0,0,1,0,34.581,36.813
656,Fuatmorel,1750000,220,190,13,15,13,1,3,0,2021/09/01,0,0,0,0,0,1,0,1,0,34.581,36.814
657,Fuatmorel,4350000,410,315,16,30,3,2,4,0,2021/09/09,3,0,0,0,0,1,0,1,0,34.581,36.814
1043,Egricam,715000,185,140,1,9,2,2,2,1,2021/09/04,6,0,0,1,1,0,1,1,0,34.561,36.776
1044,Egricam,800000,230,185,10,15,2,1,2,0,2021/09/03,6,0,0,1,0,0,0,1,0,34.561,36.777
1045,Egricam,850000,196,160,6,7,2,1,2,0,2021/09/11,6,0,1,1,0,0,0,0,0,34.559,36.777
1046,Egricam,260000,120,110,2,2,1,0,1,1,2021/09/06,3,0,1,0,0,0,1,1,0,34.562,36.778
1047,Egricam,320000,125,95,5,5,1,0,2,0,2021/09/10,9,0,1,0,1,1,0,1,0,34.565,36.779
1048,Egricam,429000,160,150,5,10,1,0,2,1,2021/08/21,8,0,0,0,0,1,1,0,0,34.565,36.779
1049,Egricam,820000,235,190,2,10,2,1,3,1,2021/08/21,6,0,0,0,0,1,0,1,0,34.568,36.780
1050,Egricam,260000,120,110,2,2,1,0,1,0,2021/08/21,2,0,1,0,0,0,1,1,0,34.564,36.780
1054,ciftlikkoy,755000,220,155,4,16,2,1,3,1,2021/09/09,2,0,0,0,1,0,0,1,0,34.541,36.767
1055,ciftlikkoy,490000,135,100,4,13,2,1,1,0,2021/09/08,0,0,0,1,1,1,0,1,0,34.542,36.767
1056,ciftlikkoy,635000,185,140,10,10,2,2,2,0,2021/09/11,6,0,0,0,1,0,0,1,0,34.540,36.767
1057,ciftlikkoy,500000,115,95,9,12,1,2,1,0,2021/09/03,4,0,0,1,1,1,0,0,0,34.540,36.768
1058,ciftlikkoy,820000,178,156,10,12,2,2,3,0,2021/09/12,6,0,0,0,0,1,0,1,0,34.539,36.768
1059,ciftlikkoy,840000,155,130,6,15,2,2,2,0,2021/09/05,6,0,0,0,1,0,0,1,0,34.540,36.769
1060,ciftlikkoy,365000,165,140,2,10,1,0,2,0,2021/09/11,8,0,0,0,0,1,0,1,0,34.541,36.769
1061,ciftlikkoy,450000,110,88,13,18,1,2,1,0,2021/09/09,1,0,0,1,1,1,0,1,0,34.541,36.770
1062,ciftlikkoy,1200000,220,190,3,15,2,2,3,0,2021/09/09,6,0,0,0,1,0,0,1,0,34.538,36.769
1063,ciftlikkoy,1050000,200,160,10,16,2,2,3,0,2021/09/09,2,0,0,0,0,1,0,1,0,34.538,36.770
1064,ciftlikkoy,440000,110,90,2,14,1,0,1,1,2021/09/07,3,0,0,0,1,0,0,1,0,34.539,36.771
1065,ciftlikkoy,335000,95,90,7,10,1,0,1,1,2021/09/06,2,0,0,0,1,0,1,1,0,34.540,36.771
1066,ciftlikkoy,825000,200,170,1,11,2,1,3,0,2021/09/04,6,0,0,0,1,0,0,1,0,34.538,36.771
